Date,Special Prize,First Prize,Second Prize
01-01-2018,91662,94944,"['53625', '14837']"
02-01-2018,84631,03488,"['76434', '98861']"
03-01-2018,11717,99088,"['03178', '65789']"
04-01-2018,62274,80320,"['35513', '91291']"
05-01-2018,18105,35622,"['06473', '02567']"
06-01-2018,15589,95113,"['13163', '64626']"
07-01-2018,13957,71291,"['43584', '94421']"
08-01-2018,79708,95955,"['13054', '85850']"
09-01-2018,81062,24766,"['66584', '98350']"
10-01-2018,94944,30400,"['49284', '16733']"
11-01-2018,88149,20508,"['61872', '45785']"
12-01-2018,77077,48702,"['23011', '99759']"
13-01-2018,04264,96456,"['99052', '48761']"
14-01-2018,45021,55703,"['20737', '49866']"
15-01-2018,85298,66584,"['94021', '07197']"
16-01-2018,13766,19837,"['07606', '42385']"
17-01-2018,62609,53142,"['13097', '95979']"
18-01-2018,41201,81415,"['67252', '33787']"
19-01-2018,67721,19940,"['39557', '52449']"
20-01-2018,69463,84663,"['19391', '63562']"
21-01-2018,87139,63885,"['58043', '68562']"
22-01-2018,24960,71816,"['48456', '65007']"
23-01-2018,33101,13699,"['06448', '53556']"
24-01-2018,41657,75242,"['48649', '15956']"
25-01-2018,60568,70326,"['72389', '18622']"
26-01-2018,82445,20544,"['05617', '05935']"
27-01-2018,31583,64721,"['89072', '75317']"
28-01-2018,98451,87408,"['35745', '74625']"
29-01-2018,75547,01072,"['40135', '21672']"
30-01-2018,93729,17440,"['82465', '46991']"
31-01-2018,74348,51973,"['34847', '46622']"
01-02-2018,40951,72911,"['28373', '96155']"
02-02-2018,61573,15068,"['81305', '17862']"
03-02-2018,37601,93185,"['27008', '13479']"
04-02-2018,52643,44138,"['86890', '84230']"
05-02-2018,36829,46404,"['47407', '99156']"
06-02-2018,68495,10348,"['13926', '28933']"
07-02-2018,74825,35277,"['53717', '95181']"
08-02-2018,68975,46361,"['13926', '61553']"
09-02-2018,18625,75580,"['67854', '78266']"
10-02-2018,93481,18583,"['46889', '08699']"
11-02-2018,49568,09737,"['10008', '32376']"
12-02-2018,40999,51919,"['60177', '45050']"
13-02-2018,56489,57966,"['67123', '59792']"
14-02-2018,83871,40506,"['12326', '92120']"
19-02-2018,81908,53145,"['90629', '69735']"
20-02-2018,38528,11234,"['77412', '48500']"
21-02-2018,29059,31161,"['87842', '53997']"
22-02-2018,69965,48034,"['58813', '25488']"
23-02-2018,61444,48915,"['81984', '67377']"
24-02-2018,00154,67018,"['55135', '56128']"
25-02-2018,64510,09008,"['71487', '36603']"
26-02-2018,50039,30294,"['04781', '85789']"
27-02-2018,36366,92352,"['88884', '12671']"
28-02-2018,71657,84700,"['16392', '62229']"
01-03-2018,94228,65600,"['73694', '73812']"
02-03-2018,05180,16830,"['52319', '88685']"
03-03-2018,90586,60072,"['28719', '26258']"
04-03-2018,16873,28319,"['27102', '94927']"
05-03-2018,98565,40560,"['13926', '55752']"
06-03-2018,93060,79907,"['58018', '97198']"
07-03-2018,85983,16814,"['44750', '67850']"
08-03-2018,00998,37937,"['69634', '98952']"
09-03-2018,21423,52724,"['73607', '73054']"
10-03-2018,03830,82039,"['40066', '54037']"
11-03-2018,35229,99816,"['48247', '28749']"
12-03-2018,17577,34681,"['23167', '18067']"
13-03-2018,58507,78398,"['47369', '15246']"
14-03-2018,90354,08135,"['78392', '38911']"
15-03-2018,46416,27906,"['36998', '31805']"
16-03-2018,24049,13325,"['98535', '16883']"
17-03-2018,81636,20400,"['79609', '66006']"
18-03-2018,58038,30473,"['02353', '99831']"
19-03-2018,08294,53318,"['67613', '47624']"
20-03-2018,61165,44567,"['27798', '30957']"
21-03-2018,68585,78440,"['94846', '83179']"
22-03-2018,29539,92285,"['36698', '32134']"
23-03-2018,14613,30643,"['47296', '64127']"
24-03-2018,05545,79663,"['59815', '06489']"
25-03-2018,96594,37031,"['48755', '54059']"
26-03-2018,07223,61711,"['46855', '95485']"
27-03-2018,18467,74831,"['62798', '41578']"
28-03-2018,23588,71527,"['76950', '30288']"
29-03-2018,46168,35100,"['45442', '42480']"
30-03-2018,44900,01901,"['42632', '14394']"
31-03-2018,34439,50618,"['82806', '47504']"
01-04-2018,75571,12597,"['47176', '45144']"
02-04-2018,19012,66979,"['66283', '59645']"
03-04-2018,85446,75389,"['13918', '48474']"
04-04-2018,64482,92209,"['60893', '76843']"
05-04-2018,37294,18441,"['34500', '50110']"
06-04-2018,76309,71344,"['83091', '96467']"
07-04-2018,91498,08703,"['86633', '51921']"
08-04-2018,61763,83146,"['05528', '17586']"
09-04-2018,97323,28210,"['79740', '11614']"
10-04-2018,79188,11608,"['55988', '31452']"
11-04-2018,34765,37684,"['88097', '71397']"
12-04-2018,70118,79399,"['30346', '14110']"
13-04-2018,42501,72498,"['18169', '62731']"
14-04-2018,71370,31932,"['70072', '28656']"
15-04-2018,25452,93274,"['01197', '74113']"
16-04-2018,20546,98458,"['67766', '78121']"
17-04-2018,83064,63908,"['00086', '45065']"
18-04-2018,73822,51221,"['65572', '89121']"
19-04-2018,34580,02976,"['59985', '50213']"
20-04-2018,23061,63094,"['31238', '47613']"
21-04-2018,69966,77778,"['19331', '18945']"
22-04-2018,29568,72177,"['20992', '18154']"
23-04-2018,32369,97691,"['89240', '07680']"
24-04-2018,28845,68279,"['32624', '23831']"
25-04-2018,26550,29832,"['77662', '58122']"
26-04-2018,92986,94699,"['99876', '61323']"
27-04-2018,10230,38857,"['81836', '42389']"
28-04-2018,39786,96360,"['88293', '50949']"
29-04-2018,19447,20512,"['61590', '00296']"
30-04-2018,45514,64810,"['82078', '43271']"
01-05-2018,55556,33384,"['99600', '90131']"
02-05-2018,03379,38379,"['11134', '86631']"
03-05-2018,74902,22464,"['06978', '84431']"
04-05-2018,95201,58967,"['10010', '48653']"
05-05-2018,29482,91389,"['31679', '42929']"
06-05-2018,78238,33285,"['65320', '93482']"
07-05-2018,85664,41522,"['20463', '40688']"
08-05-2018,35876,48644,"['28603', '02198']"
09-05-2018,55560,06269,"['96219', '06098']"
10-05-2018,69710,79168,"['67684', '91730']"
11-05-2018,37704,72507,"['17392', '98092']"
12-05-2018,98581,98210,"['38971', '41604']"
13-05-2018,27336,81449,"['92626', '55989']"
14-05-2018,41345,19075,"['67639', '10201']"
15-05-2018,10316,89439,"['72970', '44662']"
16-05-2018,71470,78591,"['78911', '26654']"
17-05-2018,87623,27274,"['73945', '99720']"
18-05-2018,38740,87804,"['97669', '68599']"
19-05-2018,15245,78955,"['03119', '26234']"
20-05-2018,32370,81373,"['36705', '53815']"
21-05-2018,06511,43116,"['05917', '85701']"
22-05-2018,81330,19024,"['18124', '78679']"
23-05-2018,37544,86683,"['89324', '68549']"
24-05-2018,42876,19449,"['26883', '48018']"
25-05-2018,89936,92694,"['62170', '63572']"
26-05-2018,70873,33167,"['37308', '09513']"
27-05-2018,63408,31831,"['14085', '55434']"
28-05-2018,44938,04780,"['80423', '36967']"
29-05-2018,26997,04205,"['70919', '61560']"
30-05-2018,43163,33920,"['75186', '47672']"
31-05-2018,93554,26591,"['49386', '21230']"
01-06-2018,99872,54324,"['62621', '44191']"
02-06-2018,79685,40436,"['21818', '95211']"
03-06-2018,97900,09139,"['18583', '30648']"
04-06-2018,68083,83321,"['19752', '31140']"
05-06-2018,08485,84704,"['31064', '25954']"
06-06-2018,66175,05297,"['18104', '92519']"
07-06-2018,45882,14666,"['25630', '57640']"
08-06-2018,27538,45413,"['17225', '37946']"
09-06-2018,54099,15572,"['54382', '51227']"
10-06-2018,01603,91334,"['83866', '57967']"
11-06-2018,35854,55456,"['36398', '06618']"
12-06-2018,64199,48878,"['45906', '36352']"
13-06-2018,03937,30381,"['94879', '73381']"
14-06-2018,54343,72457,"['87110', '31630']"
15-06-2018,70145,64580,"['94447', '20335']"
16-06-2018,81948,16974,"['18720', '04766']"
17-06-2018,83564,01838,"['44635', '90054']"
18-06-2018,86133,56697,"['41104', '06349']"
19-06-2018,15489,86695,"['68207', '67905']"
20-06-2018,81615,64598,"['77577', '15569']"
21-06-2018,57997,17000,"['68636', '22107']"
22-06-2018,03183,31658,"['19745', '36684']"
23-06-2018,50296,57174,"['73432', '78564']"
24-06-2018,46249,34611,"['86992', '07282']"
25-06-2018,01883,29234,"['29864', '58259']"
26-06-2018,53992,17382,"['81293', '53582']"
27-06-2018,31098,46842,"['77102', '20574']"
28-06-2018,51594,59303,"['01017', '47499']"
29-06-2018,66983,94158,"['09557', '20514']"
30-06-2018,02442,04043,"['58195', '74126']"
01-07-2018,66017,37700,"['42062', '57696']"
02-07-2018,23587,78302,"['01894', '49918']"
03-07-2018,09530,32834,"['96513', '27795']"
04-07-2018,31995,02855,"['60477', '48820']"
05-07-2018,92295,80208,"['26383', '03453']"
06-07-2018,93514,07894,"['96887', '00582']"
07-07-2018,41967,63209,"['40959', '62787']"
08-07-2018,75299,77412,"['14075', '45755']"
09-07-2018,14845,69900,"['28840', '83539']"
10-07-2018,76157,85182,"['39521', '44012']"
11-07-2018,19854,89656,"['02068', '68949']"
12-07-2018,09965,77633,"['77574', '43142']"
13-07-2018,48401,89498,"['33695', '17361']"
14-07-2018,78023,30328,"['86794', '35471']"
15-07-2018,84740,15088,"['83141', '38821']"
16-07-2018,44371,38326,"['10518', '38657']"
17-07-2018,88323,12739,"['33074', '36293']"
18-07-2018,09669,89036,"['40022', '59729']"
19-07-2018,15817,47188,"['74251', '32807']"
20-07-2018,32749,15995,"['01892', '11453']"
21-07-2018,16268,70185,"['09860', '56217']"
22-07-2018,77892,58381,"['22268', '51927']"
23-07-2018,95786,50864,"['62554', '03768']"
24-07-2018,91570,97669,"['97482', '01367']"
25-07-2018,43841,33562,"['27053', '38107']"
26-07-2018,59356,54715,"['81111', '59595']"
27-07-2018,69031,60280,"['63676', '53151']"
28-07-2018,20833,16272,"['12917', '65181']"
29-07-2018,69492,88817,"['28702', '13720']"
30-07-2018,19672,28906,"['78784', '92305']"
31-07-2018,28236,77456,"['36893', '89823']"
01-08-2018,41128,84415,"['04755', '58311']"
02-08-2018,25638,36202,"['86786', '74188']"
03-08-2018,49786,41963,"['22436', '09007']"
04-08-2018,88624,96792,"['34453', '34579']"
05-08-2018,92138,14223,"['49049', '81078']"
06-08-2018,84214,48733,"['53775', '08672']"
07-08-2018,12723,66716,"['23425', '28390']"
08-08-2018,90929,78718,"['87900', '14335']"
09-08-2018,47717,74225,"['30885', '73525']"
10-08-2018,93681,32897,"['26769', '73802']"
11-08-2018,10460,50896,"['23618', '35499']"
12-08-2018,46677,00916,"['78280', '66177']"
13-08-2018,62149,81906,"['01726', '77637']"
14-08-2018,79386,76807,"['37122', '24309']"
15-08-2018,33662,56108,"['01914', '79749']"
16-08-2018,89187,67700,"['08153', '74389']"
17-08-2018,92527,98631,"['19670', '10736']"
18-08-2018,00177,22289,"['57860', '48409']"
19-08-2018,11219,41453,"['06491', '76098']"
20-08-2018,93757,35604,"['61096', '44364']"
21-08-2018,92056,38670,"['79011', '93194']"
22-08-2018,57873,92920,"['52262', '09941']"
23-08-2018,48935,24089,"['81487', '13646']"
24-08-2018,63517,65257,"['31320', '07516']"
25-08-2018,54360,20770,"['14712', '14224']"
26-08-2018,85081,60157,"['13104', '05763']"
27-08-2018,52987,48260,"['05409', '53235']"
28-08-2018,33327,91427,"['23383', '87975']"
29-08-2018,19187,04512,"['15170', '24843']"
30-08-2018,14660,69109,"['01738', '26007']"
31-08-2018,21067,47999,"['30963', '18239']"
01-09-2018,48319,53019,"['59429', '91748']"
02-09-2018,19640,50576,"['71187', '68099']"
03-09-2018,52049,32103,"['71765', '05208']"
04-09-2018,64308,39425,"['92148', '38543']"
05-09-2018,93788,28935,"['47843', '79818']"
06-09-2018,00964,81705,"['63977', '61734']"
07-09-2018,49197,76534,"['11538', '54319']"
08-09-2018,66915,12941,"['16217', '84509']"
09-09-2018,24453,35025,"['93208', '15040']"
10-09-2018,51845,79786,"['68693', '00853']"
11-09-2018,50040,39748,"['64849', '99027']"
12-09-2018,81156,02127,"['46925', '25167']"
13-09-2018,45562,73735,"['01598', '69120']"
14-09-2018,21588,03788,"['52146', '59004']"
15-09-2018,59077,60870,"['44532', '40380']"
16-09-2018,32963,57442,"['22529', '01533']"
17-09-2018,93143,33294,"['36194', '84505']"
18-09-2018,91720,46238,"['85437', '02342']"
19-09-2018,96177,66140,"['94217', '08508']"
20-09-2018,03096,58682,"['04578', '29574']"
21-09-2018,31221,67255,"['44069', '84551']"
22-09-2018,29578,41490,"['77307', '19069']"
23-09-2018,12662,00576,"['93787', '32156']"
24-09-2018,69569,61203,"['73263', '18649']"
25-09-2018,69654,16245,"['33225', '02470']"
26-09-2018,49222,63538,"['71869', '77421']"
27-09-2018,14915,55465,"['93226', '31112']"
28-09-2018,79356,52734,"['90892', '93815']"
29-09-2018,08030,38852,"['56136', '06754']"
30-09-2018,68455,71702,"['21635', '80267']"
01-10-2018,29665,98527,"['63140', '87660']"
02-10-2018,75644,57606,"['63674', '36148']"
03-10-2018,58237,86386,"['55618', '55079']"
04-10-2018,26134,43013,"['00852', '99445']"
05-10-2018,04926,29442,"['52202', '31234']"
06-10-2018,68515,39283,"['46685', '56957']"
07-10-2018,99739,89184,"['40921', '60155']"
08-10-2018,06832,53145,"['53763', '29084']"
09-10-2018,99135,03401,"['22416', '69194']"
10-10-2018,90043,23708,"['15164', '14003']"
11-10-2018,75705,94181,"['77276', '26909']"
12-10-2018,68218,50910,"['32356', '28617']"
13-10-2018,48145,09500,"['30105', '15223']"
14-10-2018,35128,62713,"['20359', '73758']"
15-10-2018,47019,34645,"['75635', '81081']"
16-10-2018,82524,34244,"['34070', '44290']"
17-10-2018,39416,60168,"['20593', '20897']"
18-10-2018,22850,82277,"['81096', '93261']"
19-10-2018,91214,39092,"['49787', '32635']"
20-10-2018,72328,18300,"['24627', '00463']"
21-10-2018,15132,40702,"['72270', '67668']"
22-10-2018,81258,34812,"['71321', '79016']"
23-10-2018,08662,26799,"['64523', '44627']"
24-10-2018,23203,26852,"['05550', '03752']"
25-10-2018,72838,11591,"['24855', '60826']"
26-10-2018,78933,66194,"['19968', '83083']"
27-10-2018,13194,32444,"['78344', '53632']"
28-10-2018,68886,01023,"['89540', '85790']"
29-10-2018,23974,69288,"['38606', '73498']"
30-10-2018,42318,76832,"['08069', '26211']"
31-10-2018,59535,35859,"['72824', '27415']"
01-11-2018,51489,75455,"['17943', '89793']"
02-11-2018,54448,57599,"['34440', '45550']"
03-11-2018,14832,84157,"['97791', '02659']"
04-11-2018,15844,87994,"['91350', '19050']"
05-11-2018,01524,36489,"['21543', '06276']"
06-11-2018,70455,17222,"['50921', '20383']"
07-11-2018,89911,94946,"['70934', '74050']"
08-11-2018,33079,50330,"['15832', '26494']"
09-11-2018,45669,36231,"['59491', '47711']"
10-11-2018,04284,15217,"['77215', '58638']"
11-11-2018,65771,12518,"['35791', '13320']"
12-11-2018,20970,22084,"['00209', '87804']"
13-11-2018,07459,27920,"['98362', '95934']"
14-11-2018,25841,21941,"['20499', '10901']"
15-11-2018,33888,35255,"['62327', '34168']"
16-11-2018,52348,43720,"['40817', '07830']"
17-11-2018,96702,07964,"['60948', '79428']"
18-11-2018,16644,23276,"['54064', '35249']"
19-11-2018,38201,04391,"['89226', '43465']"
20-11-2018,02322,55967,"['14008', '26166']"
21-11-2018,79721,35182,"['70427', '13696']"
22-11-2018,95565,90319,"['52484', '84494']"
23-11-2018,06414,72962,"['89200', '38949']"
24-11-2018,90956,97789,"['76056', '87878']"
25-11-2018,34635,29713,"['17610', '95811']"
26-11-2018,74033,25383,"['76181', '71283']"
27-11-2018,44616,30640,"['77757', '01553']"
28-11-2018,81965,86368,"['53783', '26833']"
29-11-2018,98929,46801,"['03725', '22866']"
30-11-2018,88321,39525,"['53826', '79534']"
01-12-2018,72729,35229,"['06339', '70800']"
02-12-2018,71456,29176,"['48938', '04560']"
03-12-2018,99667,71324,"['62690', '15314']"
04-12-2018,97859,02642,"['56738', '30266']"
05-12-2018,12188,98049,"['19111', '30689']"
06-12-2018,81154,41297,"['70567', '14701']"
07-12-2018,25367,15164,"['11972', '66004']"
08-12-2018,64793,11002,"['57292', '04037']"
09-12-2018,77308,42084,"['50461', '10314']"
10-12-2018,39341,39185,"['62826', '38885']"
11-12-2018,38991,70217,"['42511', '71943']"
12-12-2018,63140,12581,"['97685', '04032']"
13-12-2018,83517,17884,"['57757', '80167']"
14-12-2018,47788,90784,"['50283', '26317']"
15-12-2018,22750,77177,"['83135', '42496']"
16-12-2018,60310,86200,"['21195', '01553']"
17-12-2018,46365,59917,"['16680', '55318']"
18-12-2018,84415,40675,"['10232', '12365']"
19-12-2018,29775,09989,"['10845', '48007']"
20-12-2018,41302,47422,"['26270', '96796']"
21-12-2018,95367,63553,"['50088', '95982']"
22-12-2018,54691,17119,"['78543', '14986']"
23-12-2018,47793,96106,"['03840', '71903']"
24-12-2018,50522,93807,"['60664', '34149']"
25-12-2018,09956,75272,"['22342', '55313']"
26-12-2018,73330,59327,"['68202', '76003']"
27-12-2018,24529,55726,"['87621', '81834']"
28-12-2018,66241,74515,"['99143', '99418']"
29-12-2018,56675,05257,"['35424', '53107']"
30-12-2018,65753,84468,"['51729', '50384']"
31-12-2018,45276,47653,"['82065', '29276']"
01-01-2019,93689,75237,"['18849', '42912']"
02-01-2019,56508,45238,"['46349', '45470']"
03-01-2019,60824,55041,"['15193', '66122']"
04-01-2019,03677,91142,"['40042', '45926']"
05-01-2019,90522,22061,"['61168', '06758']"
06-01-2019,64391,54349,"['89853', '30879']"
07-01-2019,32489,47814,"['67778', '64994']"
08-01-2019,62880,03899,"['20314', '33936']"
09-01-2019,89379,51461,"['99686', '57459']"
10-01-2019,30559,78713,"['84288', '17464']"
11-01-2019,09841,60943,"['54465', '28979']"
12-01-2019,73224,81011,"['00744', '72834']"
13-01-2019,38231,01714,"['95126', '77765']"
14-01-2019,51545,42892,"['43403', '47804']"
15-01-2019,84265,28287,"['12310', '52786']"
16-01-2019,22086,79312,"['90049', '54062']"
17-01-2019,68116,26827,"['31264', '81596']"
18-01-2019,04289,05242,"['95071', '64877']"
19-01-2019,71892,00967,"['76205', '84573']"
20-01-2019,65208,55223,"['07010', '34387']"
21-01-2019,00962,78214,"['99820', '58589']"
22-01-2019,40829,68434,"['88818', '57861']"
23-01-2019,17810,36003,"['24319', '95465']"
24-01-2019,69336,65487,"['33847', '82018']"
25-01-2019,95565,31663,"['92374', '72652']"
26-01-2019,62279,66943,"['22093', '92817']"
27-01-2019,58549,62533,"['19805', '12534']"
28-01-2019,85889,19391,"['30897', '80995']"
29-01-2019,56579,42767,"['29375', '21047']"
30-01-2019,10344,85093,"['53161', '09000']"
31-01-2019,77622,66550,"['11867', '39080']"
01-02-2019,08988,22416,"['43606', '56865']"
02-02-2019,93843,40130,"['06541', '59475']"
03-02-2019,61090,49169,"['33210', '84333']"
08-02-2019,32999,32196,"['09121', '88937']"
09-02-2019,65826,11452,"['62655', '92414']"
10-02-2019,83208,72164,"['69427', '32385']"
11-02-2019,27459,78249,"['51933', '57101']"
12-02-2019,11333,32253,"['96164', '93077']"
13-02-2019,67091,07897,"['87967', '60602']"
14-02-2019,28929,12758,"['13138', '05847']"
15-02-2019,65132,27219,"['20750', '71078']"
16-02-2019,57480,40751,"['27130', '69477']"
17-02-2019,54486,25897,"['47832', '40270']"
18-02-2019,15297,69209,"['75215', '83161']"
19-02-2019,86105,55689,"['26503', '59506']"
20-02-2019,28716,60764,"['19329', '25694']"
21-02-2019,89968,75866,"['57039', '79159']"
22-02-2019,34463,53655,"['12230', '26939']"
23-02-2019,63311,86911,"['16219', '95693']"
24-02-2019,55232,39106,"['42934', '66588']"
25-02-2019,37168,14350,"['38457', '72236']"
26-02-2019,17948,56052,"['07854', '72825']"
27-02-2019,68716,21136,"['57803', '50551']"
28-02-2019,61214,96589,"['05378', '39524']"
01-03-2019,71310,06742,"['81282', '12686']"
02-03-2019,62505,20787,"['11294', '83741']"
03-03-2019,58310,10624,"['71432', '78957']"
04-03-2019,11155,45805,"['35883', '89943']"
05-03-2019,02286,76770,"['06825', '25300']"
06-03-2019,87807,58780,"['06321', '91122']"
07-03-2019,72672,51065,"['94630', '19339']"
08-03-2019,09702,74663,"['30758', '57111']"
09-03-2019,06000,97910,"['20605', '34406']"
10-03-2019,74359,76419,"['44101', '91993']"
11-03-2019,97291,82885,"['56554', '02384']"
12-03-2019,37899,94673,"['64543', '91378']"
13-03-2019,55062,46864,"['99515', '58103']"
14-03-2019,75608,15029,"['84241', '45914']"
15-03-2019,40771,89617,"['58685', '59275']"
16-03-2019,26682,37391,"['69238', '41265']"
17-03-2019,96651,20755,"['02892', '71843']"
18-03-2019,41334,84633,"['72738', '00524']"
19-03-2019,39473,88431,"['31815', '38423']"
20-03-2019,20824,01740,"['08150', '76859']"
21-03-2019,43185,07303,"['49568', '58668']"
22-03-2019,97477,21663,"['27194', '19868']"
23-03-2019,40005,35790,"['21352', '90568']"
24-03-2019,86472,34087,"['23223', '46303']"
25-03-2019,25019,08621,"['82233', '79658']"
26-03-2019,94499,86607,"['96465', '17648']"
27-03-2019,63559,66068,"['83290', '77658']"
28-03-2019,27974,44982,"['52996', '92837']"
29-03-2019,21642,02102,"['55220', '64771']"
30-03-2019,64361,22750,"['51712', '65124']"
31-03-2019,13748,11388,"['04575', '54906']"
01-04-2019,83620,53556,"['61108', '04197']"
02-04-2019,71393,78853,"['36231', '08575']"
03-04-2019,18934,67542,"['14448', '31237']"
04-04-2019,70084,17245,"['16096', '15869']"
05-04-2019,91458,40827,"['42429', '96005']"
06-04-2019,61188,86876,"['94020', '70401']"
07-04-2019,98764,79647,"['07702', '41768']"
08-04-2019,37110,61647,"['64872', '28185']"
09-04-2019,31765,91814,"['66098', '72718']"
10-04-2019,05284,67799,"['64046', '29695']"
11-04-2019,52236,50212,"['47393', '84348']"
12-04-2019,84308,39159,"['78310', '64382']"
13-04-2019,46181,26851,"['76785', '61246']"
14-04-2019,02867,96545,"['34696', '58670']"
15-04-2019,57843,22538,"['43677', '44518']"
16-04-2019,11022,57948,"['46157', '24971']"
17-04-2019,61619,32144,"['77208', '66550']"
18-04-2019,54399,81519,"['40486', '17385']"
19-04-2019,73588,12423,"['59104', '75395']"
20-04-2019,78697,10401,"['83798', '63698']"
21-04-2019,66103,27160,"['68035', '90974']"
22-04-2019,78819,34809,"['11946', '98103']"
23-04-2019,95541,87314,"['18334', '90509']"
24-04-2019,61229,64831,"['00868', '27719']"
25-04-2019,44188,53421,"['45059', '72084']"
26-04-2019,41702,18023,"['75633', '30292']"
27-04-2019,66029,94740,"['58069', '60284']"
28-04-2019,61019,08071,"['36956', '43274']"
29-04-2019,00417,99059,"['74233', '19149']"
30-04-2019,93006,63474,"['19372', '89850']"
01-05-2019,34641,56596,"['81188', '95672']"
02-05-2019,94761,27423,"['52089', '33063']"
03-05-2019,12050,74867,"['11837', '29582']"
04-05-2019,63371,61735,"['93293', '66824']"
05-05-2019,21900,21590,"['77814', '07880']"
06-05-2019,44642,33245,"['51731', '58918']"
07-05-2019,74530,97659,"['92731', '72498']"
08-05-2019,36128,26736,"['96881', '19959']"
09-05-2019,73052,42339,"['83545', '50151']"
10-05-2019,95735,32369,"['92000', '14942']"
11-05-2019,48500,57392,"['76623', '40780']"
12-05-2019,55886,88930,"['64361', '57913']"
13-05-2019,75368,37158,"['80493', '16955']"
14-05-2019,38982,05375,"['60528', '32359']"
15-05-2019,22819,20823,"['46041', '84326']"
16-05-2019,23736,79828,"['03842', '06815']"
17-05-2019,10532,89701,"['62850', '33857']"
18-05-2019,92849,00559,"['29651', '34273']"
19-05-2019,20112,93858,"['16996', '72107']"
20-05-2019,43464,93972,"['68146', '13245']"
21-05-2019,04934,10898,"['08895', '01278']"
22-05-2019,31635,94144,"['14202', '22957']"
23-05-2019,98583,27637,"['48674', '08303']"
24-05-2019,71563,34966,"['82444', '88918']"
25-05-2019,45433,95029,"['06179', '40110']"
26-05-2019,90064,85688,"['57208', '01582']"
27-05-2019,09247,13662,"['64142', '59143']"
28-05-2019,96458,53626,"['01829', '46134']"
29-05-2019,19146,39201,"['03424', '67397']"
30-05-2019,47625,24130,"['57549', '85886']"
31-05-2019,79905,91614,"['38435', '72383']"
01-06-2019,68191,99702,"['85539', '33753']"
02-06-2019,99357,57275,"['70337', '97286']"
03-06-2019,31873,04482,"['97350', '07952']"
04-06-2019,90686,90200,"['98553', '96604']"
05-06-2019,85267,01107,"['03793', '34495']"
06-06-2019,35740,86961,"['18407', '61706']"
07-06-2019,43073,42110,"['95748', '18110']"
08-06-2019,81575,81596,"['73165', '33060']"
09-06-2019,53338,16854,"['58883', '96877']"
10-06-2019,11797,20477,"['69109', '68686']"
11-06-2019,92614,78683,"['19661', '48233']"
12-06-2019,34298,66905,"['74396', '28987']"
13-06-2019,69759,56608,"['41985', '96681']"
14-06-2019,39101,12949,"['00483', '25293']"
15-06-2019,16509,12231,"['32933', '15508']"
16-06-2019,02777,03098,"['57973', '47366']"
17-06-2019,74374,29054,"['70519', '67354']"
18-06-2019,86598,39828,"['79262', '02646']"
19-06-2019,29853,88266,"['35116', '82733']"
20-06-2019,25132,62479,"['76620', '28020']"
21-06-2019,69886,10248,"['33354', '45804']"
22-06-2019,13304,33760,"['06198', '79995']"
23-06-2019,84095,36484,"['47726', '39519']"
24-06-2019,82084,93974,"['85506', '07011']"
25-06-2019,53768,37656,"['89892', '99859']"
26-06-2019,90895,20729,"['36942', '27217']"
27-06-2019,51776,72323,"['34926', '74307']"
28-06-2019,98073,45763,"['15351', '32341']"
29-06-2019,97734,58493,"['49762', '51935']"
30-06-2019,73622,92650,"['27142', '26723']"
01-07-2019,31284,15393,"['04274', '21312']"
02-07-2019,85978,66484,"['73772', '58816']"
03-07-2019,07188,79085,"['21703', '66598']"
04-07-2019,19120,63741,"['38353', '93296']"
05-07-2019,81937,00433,"['81286', '55350']"
06-07-2019,82297,13311,"['16443', '09405']"
07-07-2019,95705,34865,"['21976', '96895']"
08-07-2019,01783,53350,"['44101', '57652']"
09-07-2019,68490,71330,"['63573', '76967']"
10-07-2019,56266,40927,"['10988', '68258']"
11-07-2019,67166,62015,"['19632', '96225']"
12-07-2019,16289,51376,"['67661', '44043']"
13-07-2019,63297,65729,"['44893', '86306']"
14-07-2019,29202,81626,"['87665', '10101']"
15-07-2019,77107,94404,"['50088', '50440']"
16-07-2019,68355,53321,"['47449', '97545']"
17-07-2019,75609,41130,"['84063', '04929']"
18-07-2019,85507,47061,"['45630', '18275']"
19-07-2019,15102,84936,"['63579', '17598']"
20-07-2019,17705,00144,"['09232', '26251']"
21-07-2019,50545,35760,"['38375', '05828']"
22-07-2019,12598,99924,"['95208', '65308']"
23-07-2019,75074,70690,"['57421', '39771']"
24-07-2019,54161,94599,"['37929', '54400']"
25-07-2019,22382,22363,"['02040', '20422']"
26-07-2019,97420,62976,"['27803', '11950']"
27-07-2019,65694,80171,"['29886', '20697']"
28-07-2019,59008,46054,"['27425', '31871']"
29-07-2019,79918,59307,"['53561', '87015']"
30-07-2019,51357,62294,"['80318', '93442']"
31-07-2019,56690,61312,"['01899', '77922']"
01-08-2019,05356,75468,"['75794', '65136']"
02-08-2019,82782,94045,"['58669', '38238']"
03-08-2019,25333,65118,"['44155', '89458']"
04-08-2019,63132,73770,"['24905', '87481']"
05-08-2019,60091,47794,"['23649', '01351']"
06-08-2019,32648,45932,"['39838', '57793']"
07-08-2019,28326,75586,"['44311', '59307']"
08-08-2019,09562,47108,"['81675', '61475']"
09-08-2019,25002,39146,"['13758', '23706']"
10-08-2019,14040,88656,"['82265', '28492']"
11-08-2019,86376,93984,"['21586', '64638']"
12-08-2019,69859,22652,"['72436', '02029']"
13-08-2019,93981,78798,"['81390', '72012']"
14-08-2019,10584,25712,"['80449', '61871']"
15-08-2019,17474,61235,"['40921', '75577']"
16-08-2019,65374,36834,"['47251', '79171']"
17-08-2019,84598,21843,"['81281', '23128']"
18-08-2019,07111,64084,"['81079', '44180']"
19-08-2019,91082,91467,"['81562', '69297']"
20-08-2019,41265,73061,"['87238', '32032']"
21-08-2019,78137,35819,"['48856', '11248']"
22-08-2019,56093,64281,"['58617', '29398']"
23-08-2019,79347,21963,"['12818', '83766']"
24-08-2019,25362,12645,"['59625', '58990']"
25-08-2019,97301,24276,"['41864', '95944']"
26-08-2019,58963,95499,"['46867', '37259']"
27-08-2019,59662,59098,"['23795', '42858']"
28-08-2019,41362,43349,"['44385', '30892']"
29-08-2019,89773,76425,"['75302', '01236']"
30-08-2019,52766,33040,"['22888', '21272']"
31-08-2019,70560,42546,"['22099', '14478']"
01-09-2019,61697,26468,"['16660', '81453']"
02-09-2019,40725,77727,"['11421', '33009']"
03-09-2019,91254,37095,"['71323', '56977']"
04-09-2019,41784,40530,"['58805', '88316']"
05-09-2019,30051,43294,"['48137', '43790']"
06-09-2019,58517,15045,"['36548', '93310']"
07-09-2019,97616,01357,"['82135', '66464']"
08-09-2019,44868,77679,"['63505', '91051']"
09-09-2019,52783,00917,"['80560', '79345']"
10-09-2019,82811,67742,"['07532', '17147']"
11-09-2019,53841,32820,"['25167', '87437']"
12-09-2019,75717,46105,"['80273', '26932']"
13-09-2019,82182,68797,"['12518', '28491']"
14-09-2019,81843,53557,"['76583', '53032']"
15-09-2019,42303,57562,"['02519', '07032']"
16-09-2019,03797,21429,"['86632', '32396']"
17-09-2019,86201,44072,"['82825', '80905']"
18-09-2019,10846,09403,"['36095', '54578']"
19-09-2019,80620,39822,"['69856', '74778']"
20-09-2019,02376,28487,"['31125', '61008']"
21-09-2019,71778,84659,"['01187', '44538']"
22-09-2019,03074,25607,"['77712', '01518']"
23-09-2019,92329,47959,"['26660', '46653']"
24-09-2019,33024,65468,"['69336', '28902']"
25-09-2019,87259,76213,"['72524', '92822']"
26-09-2019,83657,83729,"['65071', '07225']"
27-09-2019,98278,81201,"['23668', '16446']"
28-09-2019,59416,23193,"['71438', '72814']"
29-09-2019,37124,23134,"['14136', '04986']"
30-09-2019,91964,44486,"['20614', '37194']"
01-10-2019,19515,79821,"['18986', '56666']"
02-10-2019,23881,29195,"['26316', '95673']"
03-10-2019,17227,10166,"['42373', '61482']"
04-10-2019,78051,50790,"['13999', '29250']"
05-10-2019,04752,41831,"['15044', '57125']"
06-10-2019,24275,61941,"['03566', '31129']"
07-10-2019,94200,05557,"['44803', '71106']"
08-10-2019,77901,30229,"['89226', '79477']"
09-10-2019,65084,40720,"['61170', '60426']"
10-10-2019,44946,42387,"['29469', '81886']"
11-10-2019,16768,74300,"['56212', '38614']"
12-10-2019,31409,37692,"['29170', '60347']"
13-10-2019,75348,81461,"['56878', '00843']"
14-10-2019,64511,54757,"['74321', '64217']"
15-10-2019,45930,04047,"['45958', '97520']"
16-10-2019,83641,45905,"['08190', '23554']"
17-10-2019,16461,60560,"['10958', '98368']"
18-10-2019,65897,62332,"['70093', '65042']"
19-10-2019,29598,58642,"['87766', '14197']"
20-10-2019,23749,48495,"['89676', '72788']"
21-10-2019,72174,55833,"['54527', '54789']"
22-10-2019,17237,82273,"['39668', '29929']"
23-10-2019,08753,23074,"['53796', '44995']"
24-10-2019,65074,54557,"['75914', '57738']"
25-10-2019,88584,01811,"['25902', '14580']"
26-10-2019,63309,82597,"['01042', '45534']"
27-10-2019,24116,31797,"['11033', '06489']"
28-10-2019,96139,56197,"['14825', '14149']"
29-10-2019,42342,41504,"['27155', '37714']"
30-10-2019,40698,13263,"['18823', '02599']"
31-10-2019,88962,54054,"['70333', '47439']"
01-11-2019,23568,89592,"['22392', '51423']"
02-11-2019,93894,36798,"['56510', '41495']"
03-11-2019,40911,97704,"['79238', '75235']"
04-11-2019,56043,49752,"['77348', '51039']"
05-11-2019,63990,01134,"['71610', '17521']"
06-11-2019,46181,06584,"['81119', '36209']"
07-11-2019,87024,45295,"['42291', '85731']"
08-11-2019,37892,75605,"['98138', '89024']"
09-11-2019,26502,25577,"['32963', '84850']"
10-11-2019,23310,27335,"['69710', '90559']"
11-11-2019,04116,18344,"['96935', '29509']"
12-11-2019,36744,95233,"['21962', '39539']"
13-11-2019,29618,14439,"['14754', '71727']"
14-11-2019,86358,65126,"['33802', '41801']"
15-11-2019,09208,06347,"['77886', '81535']"
16-11-2019,01682,46487,"['45968', '79292']"
17-11-2019,25000,39087,"['11213', '99168']"
18-11-2019,93484,21147,"['19755', '10560']"
19-11-2019,19942,50640,"['30233', '16299']"
20-11-2019,72751,52665,"['21605', '49004']"
21-11-2019,15315,20924,"['58886', '08284']"
22-11-2019,75178,51146,"['71345', '82930']"
23-11-2019,89736,24489,"['93261', '14968']"
24-11-2019,31742,79883,"['88824', '79627']"
25-11-2019,30468,69114,"['43626', '50636']"
26-11-2019,16031,85310,"['69892', '32691']"
27-11-2019,34257,83079,"['32463', '66123']"
28-11-2019,23232,38589,"['20371', '92532']"
29-11-2019,40803,78281,"['35405', '76878']"
30-11-2019,36896,40418,"['45200', '55320']"
01-12-2019,57187,78389,"['22048', '97259']"
02-12-2019,28797,56813,"['10789', '25351']"
03-12-2019,91897,97144,"['45720', '05846']"
04-12-2019,79119,92770,"['19232', '66664']"
05-12-2019,22867,79221,"['24742', '82193']"
06-12-2019,82830,97828,"['51651', '94234']"
07-12-2019,60238,57799,"['11209', '23021']"
08-12-2019,70840,48639,"['81448', '53586']"
09-12-2019,55076,95857,"['30076', '21812']"
10-12-2019,99233,04048,"['90872', '74919']"
11-12-2019,45585,26900,"['47799', '47976']"
12-12-2019,02447,23701,"['94768', '43773']"
13-12-2019,30476,17496,"['47249', '90117']"
14-12-2019,46694,27845,"['12778', '89706']"
15-12-2019,20806,49281,"['65901', '43508']"
16-12-2019,28068,81159,"['61513', '03897']"
17-12-2019,83022,46760,"['17434', '29796']"
18-12-2019,26849,69095,"['66115', '90368']"
19-12-2019,46081,65929,"['60800', '01964']"
20-12-2019,76684,41910,"['06910', '30143']"
21-12-2019,24148,45828,"['57085', '32091']"
22-12-2019,43242,56186,"['16829', '17344']"
23-12-2019,70724,59175,"['43469', '66412']"
24-12-2019,75726,42916,"['94443', '09818']"
25-12-2019,15181,85030,"['79992', '51324']"
26-12-2019,05939,33589,"['95549', '00419']"
27-12-2019,04477,86108,"['16664', '65637']"
28-12-2019,95201,21900,"['15098', '67305']"
29-12-2019,31701,22760,"['49305', '35026']"
30-12-2019,18988,48668,"['47991', '35657']"
31-12-2019,94908,49302,"['18108', '56186']"
01-01-2020,32905,86851,"['69764', '91081']"
02-01-2020,73604,27909,"['96677', '59182']"
03-01-2020,19143,80801,"['41658', '64482']"
04-01-2020,54949,08119,"['18807', '83419']"
05-01-2020,45721,49581,"['90193', '05073']"
06-01-2020,14012,27116,"['49045', '61784']"
07-01-2020,14954,86395,"['65230', '44442']"
08-01-2020,78804,05932,"['92923', '97549']"
09-01-2020,91574,89090,"['67375', '62647']"
10-01-2020,26396,07249,"['62280', '65932']"
11-01-2020,33658,32909,"['67989', '61821']"
12-01-2020,90880,20246,"['07376', '98111']"
13-01-2020,41244,61359,"['02004', '72103']"
14-01-2020,32164,40635,"['37076', '15567']"
15-01-2020,26710,35188,"['25581', '88005']"
16-01-2020,72782,22594,"['39470', '47122']"
17-01-2020,97571,47197,"['47647', '17744']"
18-01-2020,34706,91118,"['29837', '38146']"
19-01-2020,70921,78137,"['52621', '09836']"
20-01-2020,12850,03659,"['26439', '17297']"
21-01-2020,38897,09947,"['29502', '67025']"
22-01-2020,96449,52583,"['93321', '98092']"
23-01-2020,16875,50936,"['00828', '85363']"
28-01-2020,50940,61595,"['62673', '20963']"
29-01-2020,80389,25483,"['88063', '96879']"
30-01-2020,75712,18292,"['96758', '11823']"
31-01-2020,49715,85264,"['96066', '05684']"
01-02-2020,72130,80885,"['17263', '71468']"
02-02-2020,79434,49618,"['79266', '18958']"
03-02-2020,63107,48878,"['90850', '97357']"
04-02-2020,44410,80399,"['60233', '19813']"
05-02-2020,97615,16340,"['89362', '29868']"
06-02-2020,26275,35468,"['15859', '88339']"
07-02-2020,14973,31007,"['98439', '51996']"
08-02-2020,22191,97112,"['40888', '39940']"
09-02-2020,60347,72943,"['52500', '63708']"
10-02-2020,96045,92206,"['82719', '89221']"
11-02-2020,07696,05052,"['30163', '69705']"
12-02-2020,19747,36897,"['52338', '58777']"
13-02-2020,54232,25908,"['23623', '36836']"
14-02-2020,51855,08402,"['81863', '94490']"
15-02-2020,47417,56746,"['02208', '90927']"
16-02-2020,00776,68932,"['60349', '63294']"
17-02-2020,99817,69356,"['53268', '37870']"
18-02-2020,06616,32033,"['10879', '99942']"
19-02-2020,90398,38353,"['12735', '48565']"
20-02-2020,22204,15061,"['10606', '26736']"
21-02-2020,36089,26541,"['33678', '81840']"
22-02-2020,37647,52140,"['89553', '90068']"
23-02-2020,36144,93004,"['25702', '82940']"
24-02-2020,91609,82206,"['26860', '61989']"
25-02-2020,37376,12891,"['22279', '64999']"
26-02-2020,23146,98019,"['87234', '29114']"
27-02-2020,26422,29343,"['35383', '77943']"
28-02-2020,45982,62271,"['76182', '59955']"
29-02-2020,80805,71818,"['88766', '13763']"
01-03-2020,04635,24477,"['92504', '48155']"
02-03-2020,73787,32978,"['82365', '65300']"
03-03-2020,38823,33276,"['12937', '37028']"
04-03-2020,51223,77441,"['02185', '05377']"
05-03-2020,52991,47359,"['44551', '54484']"
06-03-2020,78854,13173,"['62902', '03693']"
07-03-2020,87368,73173,"['27036', '54544']"
08-03-2020,55060,09692,"['35242', '33557']"
09-03-2020,95973,03777,"['43096', '02288']"
10-03-2020,83549,12329,"['92542', '35165']"
11-03-2020,29224,68194,"['43580', '38840']"
12-03-2020,74951,27007,"['55721', '08593']"
13-03-2020,73118,09141,"['98087', '40822']"
14-03-2020,18915,50209,"['46360', '69622']"
15-03-2020,18901,74415,"['31161', '20773']"
16-03-2020,28322,07557,"['65702', '27990']"
17-03-2020,52267,49403,"['94349', '97172']"
18-03-2020,81489,16279,"['16833', '13453']"
19-03-2020,85074,33372,"['86985', '36432']"
20-03-2020,85736,50768,"['07778', '01694']"
21-03-2020,55521,17703,"['75598', '49924']"
22-03-2020,46024,31360,"['46433', '27853']"
23-03-2020,36123,74096,"['74963', '90401']"
24-03-2020,31578,73112,"['34793', '13159']"
25-03-2020,54296,54643,"['85240', '19833']"
26-03-2020,94135,22095,"['09748', '36993']"
27-03-2020,33555,52557,"['50894', '51062']"
28-03-2020,91159,40109,"['87459', '66379']"
29-03-2020,28914,63988,"['66992', '90797']"
30-03-2020,42902,92559,"['98712', '08709']"
31-03-2020,98819,44179,"['96294', '96108']"
23-04-2020,54503,52470,"['22018', '38528']"
24-04-2020,69550,91137,"['77402', '41845']"
25-04-2020,46625,35206,"['37924', '07487']"
26-04-2020,90667,18768,"['61098', '82819']"
27-04-2020,77561,86201,"['33416', '13287']"
28-04-2020,69063,34806,"['31536', '32927']"
29-04-2020,97298,00962,"['79229', '50233']"
30-04-2020,06702,26083,"['13622', '41709']"
01-05-2020,29166,05369,"['19343', '16172']"
02-05-2020,82632,20684,"['31934', '37670']"
03-05-2020,08247,89507,"['37009', '55789']"
04-05-2020,36662,62017,"['63184', '55310']"
05-05-2020,56872,45029,"['35063', '71698']"
06-05-2020,03336,87945,"['97226', '51794']"
07-05-2020,83382,20244,"['47001', '08910']"
08-05-2020,67241,56017,"['77028', '65457']"
09-05-2020,71770,50898,"['69799', '71237']"
10-05-2020,32765,48805,"['42980', '16309']"
11-05-2020,02419,49825,"['45280', '80176']"
12-05-2020,35009,75293,"['07897', '24629']"
13-05-2020,12795,32463,"['24668', '25372']"
14-05-2020,33963,33143,"['86475', '79746']"
15-05-2020,41795,53938,"['34631', '73859']"
16-05-2020,75146,18878,"['63961', '81730']"
17-05-2020,76380,11164,"['70535', '58134']"
18-05-2020,44554,74463,"['80449', '42949']"
19-05-2020,96600,55015,"['27792', '07534']"
20-05-2020,51265,76785,"['82841', '29964']"
21-05-2020,58738,31202,"['79074', '29741']"
22-05-2020,27298,91982,"['77118', '97508']"
23-05-2020,98991,71131,"['17093', '47125']"
24-05-2020,81779,30531,"['03586', '66082']"
25-05-2020,67211,38314,"['77817', '84447']"
26-05-2020,29154,10231,"['72151', '37224']"
27-05-2020,06561,61403,"['18807', '00310']"
28-05-2020,09913,61778,"['49244', '25187']"
29-05-2020,97954,21263,"['33611', '77358']"
30-05-2020,59964,86926,"['35850', '92115']"
31-05-2020,83834,40366,"['54794', '04325']"
01-06-2020,62323,07533,"['95966', '65361']"
02-06-2020,79222,47910,"['87767', '34726']"
03-06-2020,62500,12536,"['35103', '57732']"
04-06-2020,76278,45337,"['95912', '63431']"
05-06-2020,79913,01136,"['98576', '99322']"
06-06-2020,18932,33537,"['02328', '36234']"
07-06-2020,88039,66654,"['72928', '15628']"
08-06-2020,56860,12818,"['99675', '91682']"
09-06-2020,27570,53306,"['70596', '53264']"
10-06-2020,63530,72560,"['84474', '29043']"
11-06-2020,76634,74218,"['64183', '75619']"
12-06-2020,51903,86977,"['82649', '53855']"
13-06-2020,93761,04667,"['47532', '87951']"
14-06-2020,36374,23994,"['88493', '28214']"
15-06-2020,75952,07700,"['69742', '24824']"
16-06-2020,94962,57945,"['53897', '87741']"
17-06-2020,02517,36218,"['82959', '24644']"
18-06-2020,38289,26120,"['00224', '00014']"
19-06-2020,04630,57457,"['93913', '76246']"
20-06-2020,18969,42537,"['59784', '50379']"
21-06-2020,25127,98702,"['02811', '83835']"
22-06-2020,67617,54083,"['70006', '04609']"
23-06-2020,34062,78556,"['07801', '53366']"
24-06-2020,80610,03759,"['58529', '27901']"
25-06-2020,46982,96351,"['95546', '36874']"
26-06-2020,01316,06155,"['25162', '84573']"
27-06-2020,74236,22390,"['94698', '06978']"
28-06-2020,36351,57190,"['82085', '17293']"
29-06-2020,66720,47882,"['19356', '60457']"
30-06-2020,67229,25778,"['32027', '27889']"
01-07-2020,44435,95361,"['32743', '77297']"
02-07-2020,61129,69904,"['71780', '01538']"
03-07-2020,58827,67119,"['20017', '74828']"
04-07-2020,77775,02917,"['92075', '95679']"
05-07-2020,11070,81900,"['93541', '83224']"
06-07-2020,25470,33022,"['49883', '27761']"
07-07-2020,73860,79082,"['31767', '70928']"
08-07-2020,83783,39712,"['10337', '75074']"
09-07-2020,78091,01297,"['71417', '61080']"
10-07-2020,77969,17076,"['84622', '23564']"
11-07-2020,03116,23757,"['55962', '84187']"
12-07-2020,28890,64908,"['02124', '88693']"
13-07-2020,20508,40309,"['98200', '33400']"
14-07-2020,44789,32941,"['51939', '62426']"
15-07-2020,70102,04547,"['46037', '31401']"
16-07-2020,24511,08388,"['88927', '12190']"
17-07-2020,60814,94807,"['65879', '80885']"
18-07-2020,06586,88992,"['09870', '08582']"
19-07-2020,08834,59281,"['72814', '05319']"
20-07-2020,30629,78151,"['99590', '45587']"
21-07-2020,51088,14023,"['06619', '48663']"
22-07-2020,20942,20585,"['35075', '48896']"
23-07-2020,09592,52844,"['92361', '06335']"
24-07-2020,57597,30231,"['47152', '94758']"
25-07-2020,22508,51355,"['52122', '81399']"
26-07-2020,71154,76972,"['86553', '71613']"
27-07-2020,38931,42099,"['09443', '44948']"
28-07-2020,91382,37651,"['63205', '39553']"
29-07-2020,63717,68586,"['28579', '09181']"
30-07-2020,45563,38211,"['20937', '32223']"
31-07-2020,14362,38252,"['63687', '65066']"
01-08-2020,86012,32501,"['65179', '29479']"
02-08-2020,57611,53204,"['45723', '66225']"
03-08-2020,02836,17739,"['83199', '41288']"
04-08-2020,11617,14482,"['90947', '57775']"
05-08-2020,18296,78477,"['45550', '43096']"
06-08-2020,25375,73575,"['73055', '08586']"
07-08-2020,43614,70914,"['30674', '50335']"
08-08-2020,12958,48295,"['79843', '42443']"
09-08-2020,83138,37935,"['05646', '04485']"
10-08-2020,98628,34931,"['16344', '00912']"
11-08-2020,40128,22936,"['71459', '13299']"
12-08-2020,36852,04571,"['25712', '59956']"
13-08-2020,42857,14375,"['06709', '75922']"
14-08-2020,59514,53806,"['16990', '48968']"
15-08-2020,57980,51783,"['06908', '23742']"
16-08-2020,82147,46138,"['92251', '73827']"
17-08-2020,30548,06085,"['25925', '06707']"
18-08-2020,72437,05561,"['71542', '25911']"
19-08-2020,95501,48913,"['20016', '80029']"
20-08-2020,30880,34811,"['92416', '40570']"
21-08-2020,57454,69699,"['06505', '98439']"
22-08-2020,81535,47488,"['45464', '83514']"
23-08-2020,47441,25173,"['26810', '40670']"
24-08-2020,49316,79556,"['05269', '15619']"
25-08-2020,67659,14080,"['10512', '26074']"
26-08-2020,77882,52797,"['53835', '67957']"
27-08-2020,76496,95110,"['87190', '62346']"
28-08-2020,17448,89523,"['99645', '89475']"
29-08-2020,78305,77359,"['83190', '03283']"
30-08-2020,73783,33282,"['58148', '89453']"
31-08-2020,56358,96104,"['34484', '70300']"
01-09-2020,62557,41211,"['58893', '44992']"
02-09-2020,45148,97339,"['16906', '46858']"
03-09-2020,80180,01877,"['35594', '24534']"
04-09-2020,15580,79107,"['73712', '42181']"
05-09-2020,52085,00030,"['56742', '42861']"
06-09-2020,01993,03278,"['51213', '94865']"
07-09-2020,13853,50752,"['61125', '92255']"
08-09-2020,22022,53249,"['12116', '21873']"
09-09-2020,88000,06019,"['12893', '98827']"
10-09-2020,81320,66553,"['90953', '75895']"
11-09-2020,16129,69128,"['72785', '45940']"
12-09-2020,51880,88005,"['25771', '26029']"
13-09-2020,28463,11841,"['65265', '03892']"
14-09-2020,32489,32685,"['87995', '85227']"
15-09-2020,23030,91709,"['85782', '29769']"
16-09-2020,89582,71120,"['80529', '90561']"
17-09-2020,04170,71985,"['43509', '16141']"
18-09-2020,20290,28162,"['39930', '04541']"
19-09-2020,54004,72588,"['90168', '50167']"
20-09-2020,05042,66900,"['03482', '31797']"
21-09-2020,68757,12181,"['13951', '12884']"
22-09-2020,87486,91069,"['65300', '14647']"
23-09-2020,97711,12267,"['16032', '77137']"
24-09-2020,87082,76056,"['80203', '89491']"
25-09-2020,98018,47391,"['46411', '34513']"
26-09-2020,17069,46324,"['45753', '22997']"
27-09-2020,37546,25331,"['51459', '66569']"
28-09-2020,96331,53485,"['55959', '13496']"
29-09-2020,59323,12312,"['58611', '02021']"
30-09-2020,64268,90923,"['96597', '86668']"
01-10-2020,03418,94194,"['66790', '17023']"
02-10-2020,99600,25157,"['41602', '01801']"
03-10-2020,49797,35496,"['91712', '19994']"
04-10-2020,80489,60525,"['29489', '40090']"
05-10-2020,20823,08394,"['17392', '35179']"
06-10-2020,34965,91685,"['89331', '22853']"
07-10-2020,19665,99139,"['08653', '04815']"
08-10-2020,09726,69001,"['88521', '72106']"
09-10-2020,60541,68899,"['42547', '04938']"
10-10-2020,52248,01993,"['73977', '89571']"
11-10-2020,82094,58766,"['86108', '28009']"
12-10-2020,25618,70158,"['66040', '22038']"
13-10-2020,46266,06681,"['35295', '22887']"
14-10-2020,77616,85409,"['37819', '19062']"
15-10-2020,62428,42840,"['13867', '38422']"
16-10-2020,14408,28308,"['99131', '68897']"
17-10-2020,99469,18769,"['94451', '50102']"
18-10-2020,62319,09060,"['40484', '02900']"
19-10-2020,18225,46995,"['70204', '95090']"
20-10-2020,90157,49318,"['41817', '93470']"
21-10-2020,07043,44111,"['38003', '35799']"
22-10-2020,48879,43896,"['96795', '72578']"
23-10-2020,06125,02898,"['91024', '05454']"
24-10-2020,43128,44563,"['98690', '24861']"
25-10-2020,32436,67377,"['91005', '18755']"
26-10-2020,77946,90034,"['02124', '59163']"
27-10-2020,45538,70385,"['97679', '89919']"
28-10-2020,07707,37394,"['74883', '66782']"
29-10-2020,33136,01585,"['89589', '48245']"
30-10-2020,57483,33678,"['12466', '88663']"
31-10-2020,92610,91294,"['74974', '10435']"
01-11-2020,97059,75778,"['45173', '32668']"
02-11-2020,32461,86683,"['23097', '23669']"
03-11-2020,53818,63246,"['34137', '06381']"
04-11-2020,16921,25081,"['45353', '75450']"
05-11-2020,96225,12416,"['88289', '70895']"
06-11-2020,44571,02894,"['63559', '57593']"
07-11-2020,00356,90783,"['40070', '72208']"
08-11-2020,46411,72709,"['26921', '03947']"
09-11-2020,20047,89458,"['47637', '25831']"
10-11-2020,37874,19947,"['17462', '43759']"
11-11-2020,56842,11147,"['93691', '82071']"
12-11-2020,44516,34627,"['29627', '14586']"
13-11-2020,88287,11204,"['38454', '25196']"
14-11-2020,28106,60882,"['48546', '52051']"
15-11-2020,76818,88295,"['83723', '82962']"
16-11-2020,41130,71594,"['03687', '04444']"
17-11-2020,82093,69778,"['59629', '07118']"
18-11-2020,88630,85630,"['22088', '68543']"
19-11-2020,17017,78604,"['97067', '81162']"
20-11-2020,92780,23593,"['46273', '78703']"
21-11-2020,20561,85947,"['48885', '66191']"
22-11-2020,61596,76599,"['79007', '78171']"
23-11-2020,00843,22152,"['99947', '89793']"
24-11-2020,52664,19501,"['56805', '96006']"
25-11-2020,72036,58061,"['18654', '40402']"
26-11-2020,23071,41054,"['69286', '72458']"
27-11-2020,23126,31552,"['98728', '16205']"
28-11-2020,10764,86559,"['69864', '81977']"
29-11-2020,83669,46822,"['59811', '96755']"
30-11-2020,05104,26356,"['66484', '45998']"
01-12-2020,74507,71909,"['13971', '76350']"
02-12-2020,52117,24378,"['40432', '19074']"
03-12-2020,29911,14557,"['86320', '87464']"
04-12-2020,95549,57855,"['30983', '43987']"
05-12-2020,59405,42480,"['09839', '36404']"
06-12-2020,50553,35489,"['45561', '95504']"
07-12-2020,09929,10730,"['74958', '06374']"
08-12-2020,06320,13198,"['27307', '28417']"
09-12-2020,92041,40510,"['91382', '09509']"
10-12-2020,24835,15602,"['56474', '81046']"
11-12-2020,46551,98348,"['38049', '24426']"
12-12-2020,09945,82418,"['42350', '86213']"
13-12-2020,08528,69066,"['88086', '18326']"
14-12-2020,45776,48389,"['51239', '24474']"
15-12-2020,61681,08876,"['44011', '07975']"
16-12-2020,16363,07856,"['30685', '50833']"
17-12-2020,12950,54592,"['56852', '38897']"
18-12-2020,27054,73286,"['06974', '12931']"
19-12-2020,20370,81636,"['66257', '15846']"
20-12-2020,45188,02038,"['01593', '31090']"
21-12-2020,27693,82712,"['24393', '73460']"
22-12-2020,81613,23662,"['44579', '49780']"
23-12-2020,80188,42915,"['70628', '29295']"
24-12-2020,79993,59755,"['48925', '26497']"
25-12-2020,36287,56591,"['36172', '15322']"
26-12-2020,80287,96436,"['12301', '64627']"
27-12-2020,85971,38070,"['13420', '19315']"
28-12-2020,07690,80623,"['21234', '90127']"
29-12-2020,63111,97528,"['50982', '14050']"
30-12-2020,57905,52634,"['59730', '35303']"
31-12-2020,42050,71602,"['46241', '14507']"
01-01-2021,78885,61981,"['32168', '74990']"
02-01-2021,20681,89427,"['32886', '74910']"
03-01-2021,43132,27110,"['95760', '90752']"
04-01-2021,42988,92795,"['19046', '79580']"
05-01-2021,19376,05036,"['43342', '31276']"
06-01-2021,90402,75947,"['74911', '44677']"
07-01-2021,09854,15562,"['28845', '15681']"
08-01-2021,00726,05627,"['70149', '28426']"
09-01-2021,82064,08356,"['61215', '80388']"
10-01-2021,48146,63172,"['06185', '24165']"
11-01-2021,05507,94780,"['28367', '95448']"
12-01-2021,16592,87355,"['93491', '45401']"
13-01-2021,02769,38216,"['11276', '94309']"
14-01-2021,51338,88232,"['52762', '16210']"
15-01-2021,68285,63497,"['51148', '40526']"
16-01-2021,12046,58127,"['13716', '13938']"
17-01-2021,55095,58464,"['65216', '77011']"
18-01-2021,92549,96884,"['06158', '89877']"
19-01-2021,23677,32856,"['88201', '31483']"
20-01-2021,60545,94248,"['55911', '27740']"
21-01-2021,21331,54409,"['06619', '35655']"
22-01-2021,09264,84081,"['02515', '40551']"
23-01-2021,57860,70031,"['56407', '68115']"
24-01-2021,45883,11884,"['06052', '25341']"
25-01-2021,00157,76628,"['49479', '57764']"
26-01-2021,33079,24509,"['50297', '32684']"
27-01-2021,45756,54147,"['75465', '16811']"
28-01-2021,92020,19071,"['14801', '69525']"
29-01-2021,40169,74085,"['03024', '33253']"
30-01-2021,71209,55959,"['82657', '07301']"
31-01-2021,17386,73899,"['44181', '28727']"
01-02-2021,54782,33824,"['75934', '75198']"
02-02-2021,15759,94632,"['87665', '00106']"
03-02-2021,76349,68400,"['16475', '50706']"
04-02-2021,48218,12833,"['42952', '42457']"
05-02-2021,48520,61417,"['61323', '88532']"
06-02-2021,37427,81178,"['95907', '38690']"
07-02-2021,25119,49164,"['03470', '86957']"
08-02-2021,42991,58433,"['63925', '29882']"
09-02-2021,38792,02990,"['56382', '59467']"
10-02-2021,04629,65961,"['20300', '66822']"
15-02-2021,56286,33164,"['94890', '93914']"
16-02-2021,11503,24958,"['42653', '30557']"
17-02-2021,05177,48772,"['45665', '66608']"
18-02-2021,81910,69529,"['30363', '09808']"
19-02-2021,11103,91506,"['14103', '96867']"
20-02-2021,70030,44389,"['90433', '47790']"
21-02-2021,57607,09740,"['59920', '25777']"
22-02-2021,77708,39543,"['90233', '40768']"
23-02-2021,17110,80128,"['97658', '76413']"
24-02-2021,93315,73168,"['22638', '92974']"
25-02-2021,35855,42177,"['20074', '32589']"
26-02-2021,55600,59302,"['78836', '71711']"
27-02-2021,26313,85377,"['05722', '96218']"
28-02-2021,30398,04743,"['50110', '27282']"
01-03-2021,91577,25687,"['04579', '10568']"
02-03-2021,87462,45915,"['16169', '64606']"
03-03-2021,63410,84221,"['24769', '36622']"
04-03-2021,96100,19162,"['39809', '24663']"
05-03-2021,66992,16935,"['68659', '92257']"
06-03-2021,61918,27134,"['95645', '62513']"
07-03-2021,38433,63732,"['42264', '13340']"
08-03-2021,20859,94188,"['93709', '21638']"
09-03-2021,97736,20562,"['27019', '73169']"
10-03-2021,61639,24142,"['11092', '41976']"
11-03-2021,47526,10974,"['99990', '60827']"
12-03-2021,85439,84075,"['78489', '29688']"
13-03-2021,95112,99964,"['03193', '68084']"
14-03-2021,45587,03881,"['53681', '78181']"
15-03-2021,61924,41098,"['87157', '15729']"
16-03-2021,60054,12253,"['02974', '61732']"
17-03-2021,72152,15227,"['32168', '99294']"
18-03-2021,37733,24313,"['59790', '11746']"
19-03-2021,55324,18908,"['70030', '91699']"
20-03-2021,97438,44237,"['60631', '28008']"
21-03-2021,68140,32393,"['93839', '56403']"
22-03-2021,54315,31746,"['44561', '88751']"
23-03-2021,85639,30063,"['95547', '39052']"
24-03-2021,66438,51768,"['94610', '10009']"
25-03-2021,44219,17263,"['51334', '63993']"
26-03-2021,72042,68063,"['25311', '29971']"
27-03-2021,54601,19860,"['88938', '20323']"
28-03-2021,31295,59812,"['31307', '66685']"
29-03-2021,03000,18982,"['14238', '86862']"
30-03-2021,49255,06649,"['23570', '97897']"
31-03-2021,06996,71928,"['98750', '07368']"
01-04-2021,50393,32377,"['57201', '27882']"
02-04-2021,01795,99808,"['58658', '90819']"
03-04-2021,44110,17391,"['84538', '71325']"
04-04-2021,16278,81109,"['23429', '38390']"
05-04-2021,06800,39251,"['67548', '65874']"
06-04-2021,94659,32768,"['30053', '32214']"
07-04-2021,97675,55528,"['55398', '29818']"
08-04-2021,63904,56240,"['48222', '98507']"
09-04-2021,52070,62954,"['37646', '88703']"
10-04-2021,85313,55176,"['79036', '28577']"
11-04-2021,29013,13305,"['66567', '43230']"
12-04-2021,86039,31145,"['18498', '98082']"
13-04-2021,29405,36317,"['91982', '14199']"
14-04-2021,74295,92214,"['85483', '61076']"
15-04-2021,90982,05942,"['63537', '27846']"
16-04-2021,99789,61842,"['61345', '45388']"
17-04-2021,10780,90312,"['85282', '37689']"
18-04-2021,89500,28554,"['92570', '49815']"
19-04-2021,81365,37116,"['91280', '35840']"
20-04-2021,05475,08566,"['31533', '85710']"
21-04-2021,84355,78496,"['47869', '79897']"
22-04-2021,56292,85246,"['21395', '18863']"
23-04-2021,98860,08807,"['79035', '36955']"
24-04-2021,21177,55266,"['11744', '71304']"
25-04-2021,73278,29752,"['45407', '84732']"
26-04-2021,16252,93619,"['14175', '95275']"
27-04-2021,49333,97939,"['55311', '56648']"
28-04-2021,91213,60871,"['90650', '63371']"
29-04-2021,21916,03753,"['09292', '74636']"
30-04-2021,96736,00731,"['93389', '43599']"
01-05-2021,05365,60256,"['96537', '26510']"
02-05-2021,76578,89773,"['28086', '08979']"
03-05-2021,51925,70091,"['77216', '24987']"
04-05-2021,09580,29402,"['23008', '94257']"
05-05-2021,83866,51676,"['18736', '24033']"
06-05-2021,80359,19644,"['56866', '23666']"
07-05-2021,70447,30887,"['35120', '87882']"
08-05-2021,26493,54128,"['01818', '98582']"
09-05-2021,76369,77298,"['73046', '17455']"
10-05-2021,54247,69734,"['34677', '20804']"
11-05-2021,57470,46413,"['73469', '30308']"
12-05-2021,49650,06579,"['14342', '12281']"
13-05-2021,68664,81431,"['40720', '22183']"
14-05-2021,81047,91687,"['87624', '88230']"
15-05-2021,59925,41995,"['32104', '99664']"
16-05-2021,32965,91114,"['17932', '99707']"
17-05-2021,67626,81254,"['14436', '47191']"
18-05-2021,10448,01293,"['90453', '43020']"
19-05-2021,83572,70723,"['14308', '09786']"
20-05-2021,55967,54580,"['21026', '67810']"
21-05-2021,75723,20849,"['13091', '49882']"
22-05-2021,94325,23259,"['66640', '23376']"
23-05-2021,13529,97227,"['53510', '42797']"
24-05-2021,19685,80388,"['49059', '33202']"
25-05-2021,82871,94512,"['72720', '81900']"
26-05-2021,64904,78141,"['87901', '10549']"
27-05-2021,33003,35078,"['36509', '95329']"
28-05-2021,07076,67348,"['51380', '77608']"
29-05-2021,81687,54246,"['57450', '34972']"
30-05-2021,15553,28465,"['01790', '77377']"
31-05-2021,18650,10527,"['35074', '62060']"
01-06-2021,57266,97063,"['01547', '03792']"
02-06-2021,51714,07684,"['76377', '65076']"
03-06-2021,62721,69350,"['70384', '57898']"
04-06-2021,60930,14424,"['25978', '61321']"
05-06-2021,10263,84855,"['75330', '03907']"
06-06-2021,73663,63348,"['58752', '82743']"
07-06-2021,26422,90141,"['26323', '40303']"
08-06-2021,82266,02343,"['40408', '17259']"
09-06-2021,81099,17483,"['94216', '47818']"
10-06-2021,92979,56882,"['39343', '47196']"
11-06-2021,15348,78802,"['22861', '91584']"
12-06-2021,02283,58255,"['01657', '06701']"
13-06-2021,35879,47749,"['87500', '99446']"
14-06-2021,18146,00534,"['49921', '30332']"
15-06-2021,27483,86299,"['97673', '23236']"
16-06-2021,34622,94586,"['75415', '00398']"
17-06-2021,44367,02103,"['85262', '24192']"
18-06-2021,14761,98852,"['24130', '49306']"
19-06-2021,03472,93911,"['04150', '75964']"
20-06-2021,64799,15675,"['55723', '07182']"
21-06-2021,60141,13125,"['97526', '07411']"
22-06-2021,34505,41158,"['46686', '84680']"
23-06-2021,98699,23243,"['10587', '50359']"
24-06-2021,17879,77328,"['12410', '69282']"
25-06-2021,25985,03675,"['18803', '46990']"
26-06-2021,20290,47139,"['21826', '45549']"
27-06-2021,13987,15964,"['81096', '37740']"
28-06-2021,52658,47449,"['39821', '60239']"
29-06-2021,66791,82119,"['21307', '00460']"
30-06-2021,82308,05022,"['07709', '91611']"
01-07-2021,01275,82781,"['88530', '04432']"
02-07-2021,87781,34762,"['39787', '40120']"
03-07-2021,02942,17645,"['48959', '47704']"
04-07-2021,96477,73016,"['78167', '01062']"
05-07-2021,91701,09512,"['85942', '28239']"
06-07-2021,46868,81459,"['85271', '29895']"
07-07-2021,61289,80667,"['16285', '56890']"
08-07-2021,10346,27144,"['79821', '18474']"
09-07-2021,70060,95585,"['92821', '77303']"
10-07-2021,53594,70702,"['37185', '39408']"
11-07-2021,38294,91851,"['93404', '79438']"
12-07-2021,48323,48804,"['20449', '04646']"
13-07-2021,41507,80075,"['80201', '95854']"
14-07-2021,98653,24424,"['56841', '11681']"
15-07-2021,70957,26316,"['73336', '81348']"
16-07-2021,37782,48924,"['26508', '44631']"
17-07-2021,05779,35146,"['93053', '30465']"
18-07-2021,32872,95067,"['80303', '82293']"
19-07-2021,47133,69077,"['17246', '42789']"
20-07-2021,23036,59156,"['31102', '27668']"
21-07-2021,47188,12875,"['35732', '07382']"
22-07-2021,23166,99810,"['58379', '51310']"
23-07-2021,46724,86038,"['35744', '09196']"
24-07-2021,77196,11985,"['46835', '63116']"
25-07-2021,82380,30971,"['01356', '85942']"
26-07-2021,40891,05339,"['20921', '37824']"
27-07-2021,52371,21944,"['45782', '12508']"
28-07-2021,50098,30020,"['20039', '76223']"
29-07-2021,10326,11116,"['23458', '10215']"
30-07-2021,94715,51666,"['78150', '32755']"
31-07-2021,62914,46071,"['98980', '95741']"
01-08-2021,88081,34286,"['12650', '78390']"
02-08-2021,71424,01082,"['35981', '28691']"
03-08-2021,10004,11355,"['59096', '48107']"
04-08-2021,46441,30932,"['92551', '73119']"
05-08-2021,09081,56729,"['60315', '78851']"
06-08-2021,39467,34338,"['87428', '43563']"
07-08-2021,49634,05277,"['85220', '92179']"
08-08-2021,38115,97733,"['21143', '52941']"
09-08-2021,44751,36796,"['05597', '80132']"
10-08-2021,29771,53969,"['77104', '40388']"
11-08-2021,53620,26751,"['59481', '76774']"
12-08-2021,19868,60958,"['41106', '23098']"
13-08-2021,17044,04460,"['64353', '07330']"
14-08-2021,55853,83841,"['91798', '15446']"
15-08-2021,73497,42299,"['27270', '47998']"
16-08-2021,62041,07429,"['58690', '79335']"
17-08-2021,68162,90375,"['42140', '94491']"
18-08-2021,10443,28874,"['41611', '34539']"
19-08-2021,21544,34727,"['77823', '46383']"
20-08-2021,04793,84718,"['67660', '58087']"
21-08-2021,69157,89294,"['51019', '96584']"
22-08-2021,98711,17016,"['84610', '57897']"
23-08-2021,58391,20528,"['69366', '25470']"
24-08-2021,58389,98560,"['19948', '41318']"
25-08-2021,60589,21378,"['27654', '55105']"
26-08-2021,88678,92187,"['26158', '56313']"
27-08-2021,69159,30254,"['07580', '74200']"
28-08-2021,50509,96823,"['95438', '67362']"
29-08-2021,58755,35778,"['57087', '16260']"
30-08-2021,83986,61984,"['71959', '51392']"
31-08-2021,49620,58109,"['65030', '17633']"
01-09-2021,74627,86107,"['46472', '63884']"
02-09-2021,77764,46570,"['92077', '43731']"
03-09-2021,11660,20874,"['09983', '75655']"
04-09-2021,29855,28539,"['81656', '35270']"
05-09-2021,17061,06266,"['07805', '99731']"
06-09-2021,87728,88415,"['19940', '44927']"
07-09-2021,10765,61705,"['04965', '95940']"
08-09-2021,14938,66613,"['59445', '87852']"
09-09-2021,63724,90250,"['27565', '39894']"
10-09-2021,04529,92073,"['44668', '76193']"
11-09-2021,26654,20585,"['51339', '80495']"
12-09-2021,23349,65096,"['37636', '14585']"
13-09-2021,95548,68227,"['53476', '18423']"
14-09-2021,32159,81460,"['01050', '23826']"
15-09-2021,04965,26381,"['75078', '09937']"
16-09-2021,12093,15382,"['00130', '21943']"
17-09-2021,35330,90315,"['57179', '80432']"
18-09-2021,93901,29743,"['74749', '24114']"
19-09-2021,45957,46590,"['96670', '98212']"
20-09-2021,74019,39363,"['65370', '71066']"
21-09-2021,16083,88718,"['35830', '21024']"
22-09-2021,53873,69507,"['02330', '17980']"
23-09-2021,11534,41900,"['09585', '18963']"
24-09-2021,51678,00595,"['81492', '15143']"
25-09-2021,92408,91545,"['83667', '10074']"
26-09-2021,21694,58074,"['30674', '87398']"
27-09-2021,73011,19529,"['02268', '95997']"
28-09-2021,03234,84484,"['90665', '27193']"
29-09-2021,76477,24728,"['82153', '20385']"
30-09-2021,45811,53705,"['13062', '24543']"
01-10-2021,31220,49246,"['20939', '28685']"
02-10-2021,37377,21288,"['46261', '00079']"
03-10-2021,20681,02104,"['37357', '93752']"
04-10-2021,45747,78306,"['61572', '84369']"
05-10-2021,73967,77123,"['05811', '34359']"
06-10-2021,82245,66283,"['69636', '77240']"
07-10-2021,97469,47719,"['46341', '12091']"
08-10-2021,43550,92887,"['67470', '39215']"
09-10-2021,31156,70905,"['52422', '68986']"
10-10-2021,06085,88649,"['10842', '18830']"
11-10-2021,72142,06050,"['72755', '40465']"
12-10-2021,05618,73209,"['47494', '05368']"
13-10-2021,49522,34123,"['78632', '64623']"
14-10-2021,04019,12662,"['35528', '91597']"
15-10-2021,64218,83454,"['31313', '38671']"
16-10-2021,66067,51010,"['58163', '24893']"
17-10-2021,24640,45261,"['28113', '58334']"
18-10-2021,11609,38670,"['75749', '86248']"
19-10-2021,86847,67039,"['11804', '30501']"
20-10-2021,56449,76644,"['26081', '29056']"
21-10-2021,93188,00442,"['02778', '55348']"
22-10-2021,56628,23615,"['74574', '50353']"
23-10-2021,73125,49150,"['11662', '42636']"
24-10-2021,44417,33926,"['36042', '14446']"
25-10-2021,69154,57088,"['08106', '67288']"
26-10-2021,75309,29545,"['67316', '50608']"
27-10-2021,92046,41811,"['48897', '06816']"
28-10-2021,47069,95366,"['66750', '09727']"
29-10-2021,67635,83186,"['46576', '75207']"
30-10-2021,24242,20699,"['81912', '69142']"
31-10-2021,54798,04294,"['72480', '05721']"
01-11-2021,03858,20567,"['69750', '34589']"
02-11-2021,29510,65284,"['10262', '66333']"
03-11-2021,07267,18214,"['36604', '45461']"
04-11-2021,34148,13354,"['26931', '94183']"
05-11-2021,66152,65766,"['01610', '37587']"
06-11-2021,19821,46754,"['25283', '73708']"
07-11-2021,91386,94379,"['44311', '83179']"
08-11-2021,94772,34396,"['28371', '85901']"
09-11-2021,71952,38113,"['49404', '62456']"
10-11-2021,43595,16549,"['57132', '84372']"
11-11-2021,33422,95524,"['05578', '04349']"
12-11-2021,04211,71230,"['58044', '68437']"
13-11-2021,55230,64965,"['40445', '62471']"
14-11-2021,53940,52169,"['96490', '56413']"
15-11-2021,77626,91372,"['87595', '59730']"
16-11-2021,41405,87612,"['81360', '78282']"
17-11-2021,99342,53462,"['60892', '76010']"
18-11-2021,04960,49665,"['04200', '18541']"
19-11-2021,68712,13056,"['06192', '95012']"
20-11-2021,45344,21508,"['06066', '59634']"
21-11-2021,47579,80977,"['62619', '73610']"
22-11-2021,36593,86008,"['02892', '93784']"
23-11-2021,24880,45683,"['59106', '71511']"
24-11-2021,85856,14730,"['32232', '32652']"
25-11-2021,64313,28994,"['65124', '50348']"
26-11-2021,81610,43572,"['02830', '70461']"
27-11-2021,27824,84009,"['82571', '36444']"
28-11-2021,55988,58593,"['79190', '06541']"
29-11-2021,28087,28734,"['42697', '92424']"
30-11-2021,71738,38779,"['84283', '61798']"
01-12-2021,62712,70945,"['26438', '57221']"
02-12-2021,27587,50645,"['79067', '60923']"
03-12-2021,85507,09681,"['03790', '53917']"
04-12-2021,69447,79564,"['67185', '37015']"
05-12-2021,04329,46537,"['20032', '37910']"
06-12-2021,71784,58418,"['23447', '01806']"
07-12-2021,63631,21137,"['92061', '00564']"
08-12-2021,29115,43952,"['36600', '38923']"
09-12-2021,34346,19051,"['87023', '83795']"
10-12-2021,25206,17375,"['91369', '55172']"
11-12-2021,34925,66287,"['41770', '12544']"
12-12-2021,09055,84112,"['11840', '03976']"
13-12-2021,98112,05580,"['38803', '36181']"
14-12-2021,27700,75684,"['60501', '40261']"
15-12-2021,96009,44382,"['87663', '47779']"
16-12-2021,43032,62190,"['86553', '39034']"
17-12-2021,73157,74230,"['24770', '58688']"
18-12-2021,70830,04892,"['04754', '85322']"
19-12-2021,07173,67135,"['68370', '81207']"
20-12-2021,74271,26961,"['35753', '96442']"
21-12-2021,38683,47122,"['19823', '37752']"
22-12-2021,09078,85552,"['35444', '38881']"
23-12-2021,78708,39168,"['13761', '89105']"
24-12-2021,37223,92676,"['33618', '21003']"
25-12-2021,31424,17010,"['80467', '03632']"
26-12-2021,57404,22685,"['19749', '35152']"
27-12-2021,56903,23361,"['78522', '53076']"
28-12-2021,04703,53971,"['20116', '86688']"
29-12-2021,13977,34852,"['54309', '98902']"
30-12-2021,62033,86170,"['66387', '22954']"
31-12-2021,24147,35164,"['87843', '42697']"
01-01-2022,10676,86295,"['05069', '04999']"
02-01-2022,93494,32969,"['99121', '71440']"
03-01-2022,37061,02804,"['28975', '91130']"
04-01-2022,46330,69665,"['09490', '46504']"
05-01-2022,10619,38905,"['13039', '16537']"
06-01-2022,98437,25100,"['22368', '37271']"
07-01-2022,33657,64428,"['76753', '78236']"
08-01-2022,98969,23581,"['44733', '01226']"
09-01-2022,93093,19538,"['79022', '49827']"
10-01-2022,08845,40173,"['66686', '03977']"
11-01-2022,55427,66440,"['04497', '26217']"
12-01-2022,88903,02061,"['93869', '59013']"
13-01-2022,46638,89412,"['72737', '87756']"
14-01-2022,87219,41662,"['25784', '04591']"
15-01-2022,20222,22217,"['31826', '17040']"
16-01-2022,55431,77267,"['00522', '27414']"
17-01-2022,88041,36730,"['73089', '38298']"
18-01-2022,46384,25306,"['69864', '13585']"
19-01-2022,76930,48843,"['41006', '76053']"
20-01-2022,71085,18328,"['78797', '48541']"
21-01-2022,78645,59320,"['60922', '13571']"
22-01-2022,74954,64284,"['86741', '45640']"
23-01-2022,28383,09696,"['00909', '27455']"
24-01-2022,97132,87646,"['25260', '21753']"
25-01-2022,20653,56333,"['40038', '34350']"
26-01-2022,98409,61525,"['04729', '15344']"
27-01-2022,16440,64351,"['31055', '80371']"
28-01-2022,83926,91357,"['14079', '28422']"
29-01-2022,11699,54461,"['49501', '99545']"
30-01-2022,67466,25936,"['67114', '14594']"
04-02-2022,67147,53734,"['86249', '72294']"
05-02-2022,23184,05762,"['16743', '02525']"
06-02-2022,76101,88297,"['56861', '23554']"
07-02-2022,28958,15942,"['30612', '36819']"
08-02-2022,96534,58233,"['31050', '09227']"
09-02-2022,35498,24577,"['82122', '87260']"
10-02-2022,23768,75954,"['21719', '51338']"
11-02-2022,49104,71453,"['56991', '37737']"
12-02-2022,85672,12634,"['82668', '43280']"
13-02-2022,82472,21337,"['28221', '53677']"
14-02-2022,35862,81536,"['42128', '27049']"
15-02-2022,87296,25579,"['06021', '92530']"
16-02-2022,89562,78809,"['78724', '07101']"
17-02-2022,38755,51445,"['40846', '19407']"
18-02-2022,29996,29783,"['75476', '17798']"
19-02-2022,92264,13667,"['73861', '91927']"
20-02-2022,88182,86741,"['81804', '74028']"
21-02-2022,89665,42044,"['94296', '58067']"
22-02-2022,41055,40734,"['37946', '22832']"
23-02-2022,25351,04433,"['97279', '89295']"
24-02-2022,16480,86594,"['95398', '37531']"
25-02-2022,09401,71268,"['42426', '04597']"
26-02-2022,07631,39603,"['79799', '95760']"
27-02-2022,70968,25814,"['14096', '62584']"
28-02-2022,89075,98757,"['90657', '25115']"
01-03-2022,24876,80854,"['99828', '23837']"
02-03-2022,09390,24578,"['60358', '99540']"
03-03-2022,42113,73433,"['31552', '60586']"
04-03-2022,42399,63312,"['15594', '59433']"
05-03-2022,84917,97380,"['32082', '04244']"
06-03-2022,78356,12424,"['71253', '80971']"
07-03-2022,74079,05616,"['38610', '98024']"
08-03-2022,62593,71475,"['21383', '24556']"
09-03-2022,08663,08349,"['37296', '97053']"
10-03-2022,72929,33587,"['35094', '34949']"
11-03-2022,61349,80519,"['38571', '21641']"
12-03-2022,31953,52377,"['59277', '28468']"
13-03-2022,66650,07729,"['47188', '33607']"
14-03-2022,48563,48032,"['54210', '01673']"
15-03-2022,01067,50847,"['91297', '17671']"
16-03-2022,18513,23055,"['65520', '37809']"
17-03-2022,04440,02048,"['77122', '52105']"
18-03-2022,90202,05396,"['37746', '91737']"
19-03-2022,39218,49736,"['71136', '86920']"
20-03-2022,04348,47440,"['07110', '79698']"
21-03-2022,76044,84776,"['21457', '05975']"
22-03-2022,43218,62234,"['39351', '63114']"
23-03-2022,38074,32168,"['16948', '99428']"
24-03-2022,71400,61967,"['47962', '31669']"
25-03-2022,88460,99513,"['98223', '99207']"
26-03-2022,15972,02820,"['54813', '53654']"
27-03-2022,80965,15580,"['97527', '79584']"
28-03-2022,20182,07161,"['16533', '55139']"
29-03-2022,59903,81369,"['56277', '71215']"
30-03-2022,89914,74298,"['09293', '59930']"
31-03-2022,12239,62330,"['75488', '43719']"
01-04-2022,76007,51630,"['24501', '58111']"
02-04-2022,61762,39070,"['02329', '18372']"
03-04-2022,87767,96822,"['00286', '87175']"
04-04-2022,12941,82066,"['48663', '75715']"
05-04-2022,54997,84480,"['68593', '23376']"
06-04-2022,17538,92002,"['23026', '19281']"
07-04-2022,98245,01742,"['98264', '78008']"
08-04-2022,43769,86531,"['98565', '42742']"
09-04-2022,34194,51050,"['00770', '73910']"
10-04-2022,25295,01253,"['02772', '10133']"
11-04-2022,86317,12274,"['88441', '84090']"
12-04-2022,81358,68088,"['47928', '76598']"
13-04-2022,76864,80616,"['87435', '72823']"
14-04-2022,96764,17962,"['83366', '72336']"
15-04-2022,54045,27631,"['14787', '90992']"
16-04-2022,36554,94220,"['71581', '97927']"
17-04-2022,87347,30501,"['52768', '81509']"
18-04-2022,80436,92047,"['18684', '42377']"
19-04-2022,78864,86443,"['93975', '72072']"
20-04-2022,58953,10071,"['15350', '76286']"
21-04-2022,89291,56407,"['88668', '89544']"
22-04-2022,31695,51735,"['67343', '00384']"
23-04-2022,77318,33815,"['99854', '99583']"
24-04-2022,97285,09752,"['78263', '93471']"
25-04-2022,99368,01450,"['12908', '24755']"
26-04-2022,32047,94835,"['58258', '21275']"
27-04-2022,02541,03308,"['68166', '36358']"
28-04-2022,47202,65673,"['20007', '93437']"
29-04-2022,58339,82141,"['51386', '51548']"
30-04-2022,59924,14841,"['64655', '67193']"
01-05-2022,81691,24290,"['90854', '72236']"
02-05-2022,94479,28588,"['31610', '35225']"
03-05-2022,48243,95479,"['47271', '94238']"
04-05-2022,79110,21129,"['46524', '68497']"
05-05-2022,78054,56243,"['80863', '98662']"
06-05-2022,20116,51969,"['74599', '81169']"
07-05-2022,73301,10879,"['79061', '73405']"
08-05-2022,51139,23395,"['36552', '38651']"
09-05-2022,05659,61956,"['88928', '81464']"
10-05-2022,35106,02963,"['45272', '06423']"
11-05-2022,27724,10916,"['79493', '89431']"
12-05-2022,55065,85044,"['34956', '54359']"
13-05-2022,29436,46318,"['32294', '77466']"
14-05-2022,30775,08368,"['69632', '67521']"
15-05-2022,93649,13716,"['59642', '55194']"
16-05-2022,17713,95077,"['26845', '85992']"
17-05-2022,58553,76496,"['45698', '57221']"
18-05-2022,69049,92364,"['38074', '38286']"
19-05-2022,49968,89976,"['98236', '01110']"
20-05-2022,78195,29924,"['93148', '31878']"
21-05-2022,85198,20830,"['08364', '24874']"
22-05-2022,24547,49158,"['88253', '39604']"
23-05-2022,29213,64806,"['79526', '21519']"
24-05-2022,97218,58758,"['87719', '05801']"
25-05-2022,87109,07545,"['03599', '26377']"
26-05-2022,41717,95585,"['58093', '91750']"
27-05-2022,29667,67112,"['89775', '42471']"
28-05-2022,57318,86313,"['52292', '77476']"
29-05-2022,87354,28042,"['37479', '22643']"
30-05-2022,12512,62935,"['64686', '41116']"
31-05-2022,39725,23112,"['94003', '94061']"
01-06-2022,31918,04729,"['37215', '50551']"
02-06-2022,51768,40463,"['20261', '32549']"
03-06-2022,89242,06999,"['68754', '88467']"
04-06-2022,60832,30058,"['63129', '67653']"
05-06-2022,05479,40705,"['21572', '72488']"
06-06-2022,11584,78907,"['25958', '67236']"
07-06-2022,87525,77223,"['93290', '74117']"
08-06-2022,28977,48768,"['41760', '62360']"
09-06-2022,08181,31938,"['54758', '94628']"
10-06-2022,08391,12397,"['70522', '30508']"
11-06-2022,29224,20766,"['20025', '62589']"
12-06-2022,17818,18326,"['38568', '10728']"
13-06-2022,89927,77049,"['95785', '88560']"
14-06-2022,52762,47624,"['42638', '87278']"
15-06-2022,79716,00074,"['00104', '49785']"
16-06-2022,90524,87917,"['80177', '80924']"
17-06-2022,68274,90547,"['16117', '31774']"
18-06-2022,87190,21110,"['89033', '05612']"
19-06-2022,66449,97184,"['94411', '45452']"
20-06-2022,71808,24479,"['90383', '30364']"
21-06-2022,81571,37576,"['55878', '19205']"
22-06-2022,50846,92133,"['75657', '64087']"
23-06-2022,97140,07147,"['89901', '84392']"
24-06-2022,49677,52644,"['85957', '46813']"
25-06-2022,36768,38794,"['13490', '72677']"
26-06-2022,46970,31422,"['86547', '33892']"
27-06-2022,62171,74232,"['60392', '44343']"
28-06-2022,13149,50944,"['56408', '12899']"
29-06-2022,38892,20636,"['84006', '09206']"
30-06-2022,58839,82672,"['21676', '00588']"
01-07-2022,01697,70090,"['16691', '52814']"
02-07-2022,50554,26597,"['71762', '44601']"
03-07-2022,86690,00944,"['08354', '56997']"
04-07-2022,50239,18777,"['50753', '62864']"
05-07-2022,68404,87375,"['99531', '72909']"
06-07-2022,76796,60532,"['75194', '39560']"
07-07-2022,91796,13278,"['44393', '94079']"
08-07-2022,66224,39869,"['60546', '53493']"
09-07-2022,10295,36734,"['79386', '11190']"
10-07-2022,17772,24964,"['13999', '53713']"
11-07-2022,02801,41033,"['53525', '62479']"
12-07-2022,23151,77007,"['67040', '03531']"
13-07-2022,95155,90271,"['89067', '33855']"
14-07-2022,32850,20310,"['24969', '49922']"
15-07-2022,38114,90817,"['34620', '11661']"
16-07-2022,77064,71741,"['72337', '44659']"
17-07-2022,66327,20157,"['03078', '20001']"
18-07-2022,36713,35519,"['42106', '16732']"
19-07-2022,53393,88480,"['98910', '16736']"
20-07-2022,25496,72929,"['78576', '63755']"
21-07-2022,27404,63031,"['07886', '87611']"
22-07-2022,04093,51457,"['29485', '11161']"
23-07-2022,15361,86993,"['28048', '57745']"
24-07-2022,22857,51386,"['77335', '30735']"
25-07-2022,69502,72642,"['04474', '23788']"
26-07-2022,00558,96583,"['14877', '72399']"
27-07-2022,09155,63250,"['61771', '47619']"
28-07-2022,56590,61023,"['98472', '09449']"
29-07-2022,92303,26296,"['84138', '43275']"
30-07-2022,96409,33297,"['98099', '05132']"
31-07-2022,50267,02643,"['88354', '35612']"
01-08-2022,46555,11459,"['44331', '72670']"
02-08-2022,36335,79490,"['10945', '04382']"
03-08-2022,37686,60371,"['33660', '43875']"
04-08-2022,27492,50569,"['07770', '83906']"
05-08-2022,49513,91374,"['13523', '80169']"
06-08-2022,74873,78243,"['71609', '86446']"
07-08-2022,80395,00604,"['25509', '78144']"
08-08-2022,76821,26769,"['25934', '27097']"
09-08-2022,00180,08818,"['76858', '40225']"
10-08-2022,42119,46227,"['15689', '40605']"
11-08-2022,44082,54663,"['92964', '99837']"
12-08-2022,93970,42956,"['73740', '91882']"
13-08-2022,40306,29373,"['24629', '41347']"
14-08-2022,90213,96091,"['12663', '03126']"
15-08-2022,19117,51486,"['27002', '45812']"
16-08-2022,05904,06952,"['68041', '20939']"
17-08-2022,54182,38978,"['61233', '03985']"
18-08-2022,92993,46562,"['68475', '79592']"
19-08-2022,75303,52115,"['49450', '24190']"
20-08-2022,10211,10226,"['78650', '66649']"
21-08-2022,17965,51526,"['11630', '27394']"
22-08-2022,60652,61027,"['38872', '08164']"
23-08-2022,63437,69177,"['52091', '44029']"
24-08-2022,24832,09710,"['19597', '96488']"
25-08-2022,28670,79137,"['56442', '84712']"
26-08-2022,89151,13354,"['41050', '66592']"
27-08-2022,89617,36200,"['30730', '97036']"
28-08-2022,68144,02532,"['39990', '30534']"
29-08-2022,75965,38820,"['71575', '21773']"
30-08-2022,96955,63681,"['20727', '48078']"
31-08-2022,92467,04353,"['42176', '84877']"
01-09-2022,69488,89786,"['68416', '20989']"
02-09-2022,03138,55336,"['16287', '50610']"
03-09-2022,47153,58840,"['46746', '06592']"
04-09-2022,62111,65882,"['91035', '75523']"
05-09-2022,01548,24105,"['97886', '05221']"
06-09-2022,44816,05276,"['93856', '11335']"
07-09-2022,51169,94457,"['78799', '03878']"
08-09-2022,75743,11926,"['27509', '34830']"
09-09-2022,01293,80770,"['15337', '47742']"
10-09-2022,17535,74421,"['07598', '02432']"
11-09-2022,99951,20446,"['01749', '04947']"
12-09-2022,55448,93409,"['19965', '60859']"
13-09-2022,21776,55643,"['39452', '83110']"
14-09-2022,66581,70165,"['25649', '75110']"
15-09-2022,87354,95705,"['63025', '08721']"
16-09-2022,48715,90716,"['56928', '41080']"
17-09-2022,55890,82995,"['85254', '99868']"
18-09-2022,14894,36603,"['09941', '58304']"
19-09-2022,62198,45485,"['76774', '74253']"
20-09-2022,50221,51429,"['03694', '87656']"
21-09-2022,44823,04642,"['28539', '90167']"
22-09-2022,76777,14235,"['67639', '39627']"
23-09-2022,79436,63302,"['75772', '78656']"
24-09-2022,08154,01140,"['39583', '05213']"
25-09-2022,59509,36837,"['50137', '94982']"
26-09-2022,93712,06763,"['50213', '34368']"
27-09-2022,77390,44227,"['07899', '14634']"
28-09-2022,41946,37992,"['99881', '91950']"
29-09-2022,92129,68334,"['70735', '51228']"
30-09-2022,89651,76636,"['22292', '54784']"
01-10-2022,35019,13904,"['96463', '34496']"
02-10-2022,64668,12669,"['30412', '40677']"
03-10-2022,65169,74026,"['63525', '28014']"
04-10-2022,51859,22919,"['35872', '32518']"
05-10-2022,80983,09046,"['29399', '08507']"
06-10-2022,26450,99472,"['09283', '07481']"
07-10-2022,13037,25059,"['77426', '43042']"
08-10-2022,94309,45465,"['82813', '94520']"
09-10-2022,96669,56310,"['58287', '20321']"
10-10-2022,71218,70576,"['61119', '21941']"
11-10-2022,92034,05536,"['18653', '32471']"
12-10-2022,67145,28295,"['82580', '33620']"
13-10-2022,65353,92369,"['24020', '84825']"
14-10-2022,57974,15324,"['29062', '35164']"
15-10-2022,79638,62960,"['56791', '78023']"
16-10-2022,35546,43491,"['46880', '08079']"
17-10-2022,15677,13447,"['41401', '55659']"
18-10-2022,07253,99692,"['72624', '20724']"
19-10-2022,68879,46059,"['26549', '42155']"
20-10-2022,27465,33685,"['53025', '07718']"
21-10-2022,50000,77386,"['96071', '94717']"
22-10-2022,31698,10399,"['51180', '27619']"
23-10-2022,12843,17105,"['39019', '07823']"
24-10-2022,05499,10376,"['24301', '13680']"
25-10-2022,50604,02803,"['82308', '14716']"
26-10-2022,19739,15022,"['43172', '45148']"
27-10-2022,89604,91323,"['51578', '25475']"
28-10-2022,32041,41193,"['72370', '38138']"
29-10-2022,73887,76973,"['36640', '82978']"
30-10-2022,05085,52112,"['34968', '38884']"
31-10-2022,93343,96968,"['63142', '87662']"
01-11-2022,99876,35394,"['83301', '41034']"
02-11-2022,67246,84000,"['91602', '49667']"
03-11-2022,66819,58970,"['81233', '87337']"
04-11-2022,75371,81207,"['15350', '73690']"
05-11-2022,33487,75857,"['17413', '62882']"
06-11-2022,77471,19152,"['97536', '23750']"
07-11-2022,04067,62344,"['20660', '34924']"
08-11-2022,66130,31344,"['60841', '75083']"
09-11-2022,57765,69270,"['33523', '02685']"
10-11-2022,71610,89551,"['25825', '57592']"
11-11-2022,81736,23276,"['53754', '98359']"
12-11-2022,78611,11566,"['68739', '54972']"
13-11-2022,96305,67959,"['20646', '33331']"
14-11-2022,12834,95078,"['64989', '79753']"
15-11-2022,91006,22362,"['00497', '25741']"
16-11-2022,50578,44533,"['51589', '19352']"
17-11-2022,05776,49100,"['70349', '63260']"
18-11-2022,32592,64258,"['75381', '94816']"
19-11-2022,66534,56931,"['14753', '52934']"
20-11-2022,80770,74803,"['88570', '42720']"
21-11-2022,52091,32734,"['23946', '43525']"
22-11-2022,30529,00774,"['71339', '87590']"
23-11-2022,47779,09473,"['42006', '45431']"
24-11-2022,75996,04902,"['25318', '92214']"
25-11-2022,36819,77300,"['94639', '60023']"
26-11-2022,67896,70731,"['69176', '18124']"
27-11-2022,67857,24762,"['15441', '04864']"
28-11-2022,65507,90987,"['23237', '17499']"
29-11-2022,25380,28733,"['75482', '90338']"
30-11-2022,98112,09152,"['01989', '05593']"
01-12-2022,52770,72632,"['94230', '01290']"
02-12-2022,24523,03015,"['99501', '75640']"
03-12-2022,10576,48972,"['03009', '83557']"
04-12-2022,05028,94007,"['18783', '39801']"
05-12-2022,13454,99442,"['86182', '23838']"
06-12-2022,84807,10590,"['38307', '69793']"
07-12-2022,85979,67578,"['85693', '37767']"
08-12-2022,38522,78852,"['24895', '21880']"
09-12-2022,93971,04009,"['43968', '95856']"
10-12-2022,82978,37815,"['63592', '26828']"
11-12-2022,20815,72778,"['79220', '91810']"
12-12-2022,65180,55187,"['82120', '04658']"
13-12-2022,96688,37484,"['34089', '96210']"
14-12-2022,48507,74741,"['08046', '53319']"
15-12-2022,92059,59893,"['20295', '16140']"
16-12-2022,13086,69861,"['60578', '56199']"
17-12-2022,71424,66934,"['50533', '74665']"
18-12-2022,32505,41658,"['88892', '35125']"
19-12-2022,90230,75249,"['09098', '85227']"
20-12-2022,40448,23038,"['99191', '45105']"
21-12-2022,74562,56264,"['52037', '84608']"
22-12-2022,65438,42121,"['87418', '15982']"
23-12-2022,33027,01034,"['39440', '31211']"
24-12-2022,09534,70353,"['96188', '74525']"
25-12-2022,95636,89842,"['35227', '93162']"
26-12-2022,03400,85616,"['54319', '69470']"
27-12-2022,97797,97019,"['43753', '26438']"
28-12-2022,55145,18766,"['30529', '57234']"
29-12-2022,51849,67722,"['81733', '23595']"
30-12-2022,54112,93201,"['63854', '90768']"
31-12-2022,55291,42135,"['01560', '07447']"
01-01-2023,16705,76828,"['65067', '99229']"
02-01-2023,49265,43459,"['12407', '10068']"
03-01-2023,25649,31843,"['63776', '30341']"
04-01-2023,75757,40631,"['56326', '49667']"
05-01-2023,76191,12810,"['11458', '74967']"
06-01-2023,45370,05808,"['84879', '98182']"
07-01-2023,39597,20448,"['98375', '45648']"
08-01-2023,20040,76965,"['00725', '96045']"
09-01-2023,78014,16270,"['24159', '26757']"
10-01-2023,81191,88140,"['67096', '63288']"
11-01-2023,04942,31511,"['96915', '35210']"
12-01-2023,18452,99849,"['27621', '91955']"
13-01-2023,60762,70413,"['94856', '73874']"
14-01-2023,62940,27086,"['84830', '42992']"
15-01-2023,44221,25945,"['14590', '57392']"
16-01-2023,48260,83587,"['79324', '24955']"
17-01-2023,53363,01443,"['02569', '17053']"
18-01-2023,45282,76552,"['51893', '50516']"
19-01-2023,62857,24246,"['65122', '22745']"
20-01-2023,91869,62613,"['89561', '17438']"
25-01-2023,52371,45082,"['87473', '55003']"
26-01-2023,34164,21642,"['85331', '53702']"
27-01-2023,72859,84970,"['22948', '27905']"
28-01-2023,87219,88795,"['61887', '71870']"
29-01-2023,76479,25766,"['72194', '11034']"
30-01-2023,16179,12198,"['66824', '97525']"
31-01-2023,30061,21284,"['95201', '18959']"
01-02-2023,34838,29989,"['64285', '65938']"
02-02-2023,60755,35682,"['29934', '63527']"
03-02-2023,52766,79512,"['12874', '00591']"
04-02-2023,64948,04674,"['16883', '77334']"
05-02-2023,06194,41299,"['35133', '39473']"
06-02-2023,35492,27386,"['77331', '13534']"
07-02-2023,18198,71786,"['90306', '05645']"
08-02-2023,88864,58679,"['99604', '51365']"
09-02-2023,29337,79795,"['56690', '48887']"
10-02-2023,85120,58592,"['53011', '52879']"
11-02-2023,98713,18834,"['17460', '78706']"
12-02-2023,09841,45011,"['90809', '72174']"
13-02-2023,41916,08972,"['85731', '59090']"
14-02-2023,56141,73625,"['25591', '26545']"
15-02-2023,18158,68823,"['10621', '87113']"
16-02-2023,65243,02602,"['54187', '54495']"
17-02-2023,18435,11438,"['32855', '13679']"
18-02-2023,44971,76196,"['80204', '83379']"
19-02-2023,37264,91013,"['12898', '74782']"
20-02-2023,32775,01606,"['41854', '66216']"
21-02-2023,90781,00175,"['20889', '90010']"
22-02-2023,31357,31928,"['42898', '40056']"
23-02-2023,01964,74969,"['79479', '90535']"
24-02-2023,16979,09730,"['04515', '27241']"
25-02-2023,30415,46223,"['32874', '26964']"
26-02-2023,67360,84040,"['06293', '78613']"
27-02-2023,93758,96434,"['10620', '41971']"
28-02-2023,55827,39977,"['20715', '42892']"
01-03-2023,76102,46493,"['52752', '89477']"
02-03-2023,47577,75833,"['93046', '49671']"
03-03-2023,37856,94473,"['55952', '43597']"
04-03-2023,06743,89246,"['53202', '56726']"
05-03-2023,58118,72226,"['98850', '15773']"
06-03-2023,39919,34271,"['89252', '08794']"
07-03-2023,75877,08692,"['87361', '31241']"
08-03-2023,73787,06261,"['48267', '37696']"
09-03-2023,68205,60388,"['32503', '77792']"
10-03-2023,24420,64647,"['92456', '73117']"
11-03-2023,47076,91911,"['68062', '89887']"
12-03-2023,56695,14685,"['86290', '10847']"
13-03-2023,17375,14288,"['47795', '89010']"
14-03-2023,67879,07811,"['56885', '61063']"
15-03-2023,67724,09458,"['42912', '82249']"
16-03-2023,89581,62172,"['16250', '32921']"
17-03-2023,59389,46086,"['47967', '93279']"
18-03-2023,57570,25444,"['05260', '51308']"
19-03-2023,86903,51904,"['86833', '22870']"
20-03-2023,24192,24877,"['69360', '66583']"
21-03-2023,81664,40033,"['18931', '74834']"
22-03-2023,08798,75337,"['28963', '26229']"
23-03-2023,45483,75836,"['51256', '95469']"
24-03-2023,48657,92279,"['26169', '82385']"
25-03-2023,32273,26774,"['47449', '00099']"
26-03-2023,57765,81664,"['81817', '24222']"
27-03-2023,83230,27431,"['64284', '25717']"
28-03-2023,66228,20468,"['52302', '81938']"
29-03-2023,86367,69313,"['57644', '99117']"
30-03-2023,11504,13132,"['43820', '11937']"
31-03-2023,59381,50062,"['41803', '74247']"
01-04-2023,70344,29158,"['24102', '22255']"
02-04-2023,01844,86587,"['43090', '21057']"
03-04-2023,52333,60129,"['20276', '16945']"
04-04-2023,75345,58033,"['53624', '14990']"
05-04-2023,96226,95972,"['01247', '51881']"
06-04-2023,89911,05742,"['50512', '78149']"
07-04-2023,49736,58224,"['65556', '14147']"
08-04-2023,29815,36073,"['85333', '58920']"
09-04-2023,10026,76693,"['66574', '62714']"
10-04-2023,06363,75304,"['29505', '25800']"
11-04-2023,16039,40045,"['88796', '43516']"
12-04-2023,37195,88982,"['91410', '39454']"
13-04-2023,44265,59509,"['68989', '53011']"
14-04-2023,57534,88770,"['05720', '91578']"
15-04-2023,27414,11010,"['41330', '97277']"
16-04-2023,41248,17827,"['73986', '79480']"
17-04-2023,65576,21834,"['98341', '78733']"
18-04-2023,71661,24615,"['03759', '25581']"
19-04-2023,46285,47600,"['89103', '41915']"
20-04-2023,24623,35847,"['45787', '01860']"
21-04-2023,47914,60797,"['59717', '14501']"
22-04-2023,64652,14539,"['92652', '95297']"
23-04-2023,71679,11948,"['89314', '26195']"
24-04-2023,42105,06909,"['54521', '44002']"
25-04-2023,85483,95809,"['40929', '91988']"
26-04-2023,89675,47122,"['87741', '90868']"
27-04-2023,80755,28579,"['97673', '33524']"
28-04-2023,13196,47757,"['75260', '25528']"
29-04-2023,54639,71291,"['41698', '59064']"
30-04-2023,90819,14462,"['46938', '76537']"
01-05-2023,61820,92980,"['75547', '22089']"
02-05-2023,00865,40456,"['42008', '20843']"
03-05-2023,85576,51335,"['81665', '42261']"
04-05-2023,81918,25824,"['12136', '10697']"
05-05-2023,82647,95546,"['39378', '98658']"
06-05-2023,02904,87627,"['84022', '69837']"
07-05-2023,88060,04143,"['28610', '84265']"
08-05-2023,44481,08861,"['02832', '00516']"
09-05-2023,58546,87138,"['70752', '46168']"
10-05-2023,97996,66184,"['81579', '19025']"
11-05-2023,63134,66488,"['83106', '50659']"
12-05-2023,84102,12141,"['03914', '59392']"
13-05-2023,19949,70603,"['83105', '86922']"
14-05-2023,67753,19470,"['84443', '50523']"
15-05-2023,90956,63262,"['56387', '17280']"
16-05-2023,19031,78859,"['78392', '19184']"
17-05-2023,67949,88636,"['86754', '64824']"
18-05-2023,22632,63943,"['01119', '19532']"
19-05-2023,22317,14150,"['33733', '51891']"
20-05-2023,70452,64077,"['44767', '24888']"
21-05-2023,45297,72064,"['86140', '42405']"
22-05-2023,32754,68161,"['72017', '98904']"
23-05-2023,95972,02366,"['43590', '56621']"
24-05-2023,19966,59476,"['65345', '58041']"
25-05-2023,20319,70232,"['29500', '71249']"
26-05-2023,36191,12247,"['74125', '55916']"
27-05-2023,96237,71344,"['42533', '09954']"
28-05-2023,79459,32985,"['36739', '28089']"
29-05-2023,85867,98338,"['10638', '56467']"
30-05-2023,20765,15037,"['35868', '93065']"
31-05-2023,88961,40956,"['31944', '49287']"
01-06-2023,95921,60072,"['60772', '42018']"
02-06-2023,71963,03825,"['76720', '67605']"
03-06-2023,00370,78005,"['16546', '35426']"
04-06-2023,04408,98155,"['29784', '89293']"
05-06-2023,00081,01905,"['71137', '44821']"
06-06-2023,83079,15731,"['32457', '82498']"
07-06-2023,40357,11456,"['44223', '10852']"
08-06-2023,13437,01318,"['28445', '82535']"
09-06-2023,84288,04963,"['74125', '38700']"
10-06-2023,01936,55702,"['21837', '13114']"
11-06-2023,46260,22720,"['81504', '02173']"
12-06-2023,55442,33251,"['65623', '42048']"
13-06-2023,88661,71607,"['94150', '94670']"
14-06-2023,57854,34686,"['27752', '68091']"
15-06-2023,46904,84800,"['98348', '12229']"
16-06-2023,76830,13239,"['15720', '13993']"
17-06-2023,96361,07849,"['66045', '88316']"
18-06-2023,94351,86452,"['40375', '70701']"
19-06-2023,59915,92664,"['15899', '32550']"
20-06-2023,51232,37107,"['28488', '15667']"
21-06-2023,58534,47248,"['31378', '24891']"
22-06-2023,84267,02244,"['93702', '67381']"
23-06-2023,83660,29556,"['84109', '08146']"
24-06-2023,09870,73087,"['81633', '72969']"
25-06-2023,63634,89812,"['83546', '02844']"
26-06-2023,03493,78387,"['81896', '44142']"
27-06-2023,49195,69643,"['26181', '62071']"
28-06-2023,97495,12576,"['12020', '52689']"
29-06-2023,06920,56675,"['67716', '70226']"
30-06-2023,69851,88124,"['66159', '11919']"
01-07-2023,90746,08218,"['49755', '48773']"
02-07-2023,57123,20479,"['94195', '90632']"
03-07-2023,96894,03260,"['17064', '71834']"
04-07-2023,06883,50713,"['48058', '74292']"
05-07-2023,29397,03549,"['58203', '74554']"
06-07-2023,44798,94748,"['30095', '36372']"
07-07-2023,93076,94746,"['78078', '12706']"
08-07-2023,98215,82428,"['36753', '21404']"
09-07-2023,05408,68722,"['72072', '36681']"
10-07-2023,58222,29421,"['46895', '15004']"
11-07-2023,45631,13852,"['38923', '22036']"
12-07-2023,67115,67785,"['27064', '04716']"
13-07-2023,26902,17552,"['95496', '22758']"
14-07-2023,78668,82538,"['75699', '31456']"
15-07-2023,08897,14694,"['20247', '56545']"
16-07-2023,51351,45672,"['33664', '34988']"
17-07-2023,22406,98378,"['62092', '98895']"
18-07-2023,20080,11885,"['53633', '37876']"
19-07-2023,15339,01484,"['56243', '07018']"
20-07-2023,58286,59809,"['27214', '91487']"
21-07-2023,35944,72926,"['31283', '67742']"
22-07-2023,27433,16448,"['31955', '68361']"
23-07-2023,58062,16342,"['32714', '32089']"
24-07-2023,62442,52306,"['49059', '47882']"
25-07-2023,75659,75566,"['59023', '67456']"
26-07-2023,87929,75634,"['97192', '60780']"
27-07-2023,21171,85403,"['79840', '71628']"
28-07-2023,40915,79375,"['19984', '99134']"
29-07-2023,69358,70140,"['43060', '37592']"
30-07-2023,55741,43813,"['02309', '00386']"
31-07-2023,72615,73596,"['29471', '16196']"
01-08-2023,04430,18971,"['47120', '00337']"
02-08-2023,88137,71298,"['58086', '00408']"
03-08-2023,80288,61964,"['82402', '90573']"
04-08-2023,56177,48747,"['08038', '37072']"
05-08-2023,45710,36358,"['78767', '34560']"
06-08-2023,74923,73722,"['66542', '12789']"
07-08-2023,08672,20246,"['43830', '65267']"
08-08-2023,80766,27080,"['64096', '60943']"
09-08-2023,59261,27636,"['03647', '95243']"
10-08-2023,25102,39262,"['27262', '60903']"
11-08-2023,90299,36308,"['08284', '74795']"
12-08-2023,06848,28684,"['55972', '09024']"
13-08-2023,84528,96875,"['83636', '11470']"
14-08-2023,16893,11401,"['38329', '41032']"
15-08-2023,41861,12901,"['82868', '76177']"
16-08-2023,82019,43465,"['91437', '12598']"
17-08-2023,79186,32553,"['79391', '52920']"
18-08-2023,47887,39986,"['56065', '51191']"
19-08-2023,41830,58636,"['39233', '73088']"
20-08-2023,92009,83433,"['73249', '22498']"
21-08-2023,27221,79939,"['15978', '22802']"
22-08-2023,60279,20329,"['94862', '06840']"
23-08-2023,63734,45494,"['74300', '57480']"
24-08-2023,57973,56968,"['14617', '65709']"
25-08-2023,82843,23348,"['35123', '01009']"
26-08-2023,94958,14322,"['80180', '84096']"
27-08-2023,18448,73829,"['73174', '57227']"
28-08-2023,83185,32479,"['36313', '38300']"
29-08-2023,49278,26681,"['25277', '61276']"
30-08-2023,76551,15711,"['12428', '67802']"
31-08-2023,73040,49951,"['45966', '86381']"
01-09-2023,61379,79008,"['07854', '80318']"
02-09-2023,06380,98000,"['99597', '53685']"
03-09-2023,31186,04843,"['91474', '14263']"
04-09-2023,08811,37863,"['87846', '28711']"
05-09-2023,06367,75549,"['37897', '86396']"
06-09-2023,15269,98469,"['58959', '81886']"
07-09-2023,49956,86503,"['30149', '91295']"
08-09-2023,13676,24740,"['56012', '32207']"
09-09-2023,35252,16451,"['69969', '18026']"
10-09-2023,35902,31314,"['95602', '40508']"
11-09-2023,63768,07404,"['76409', '96941']"
12-09-2023,73132,07023,"['20680', '11439']"
13-09-2023,56650,37406,"['50515', '25911']"
14-09-2023,59722,39954,"['82710', '03209']"
15-09-2023,13720,08293,"['39853', '99463']"
16-09-2023,11724,98298,"['19917', '53982']"
17-09-2023,22365,80585,"['51233', '18206']"
18-09-2023,43104,28261,"['94697', '54948']"
19-09-2023,50925,75781,"['95072', '45895']"
20-09-2023,40303,10239,"['54210', '50718']"
21-09-2023,52566,34841,"['51527', '93225']"
22-09-2023,22714,66480,"['36490', '79715']"
23-09-2023,76922,99878,"['60050', '42231']"
24-09-2023,62778,20839,"['29228', '65528']"
25-09-2023,68779,71548,"['82470', '84221']"
26-09-2023,45236,33099,"['92248', '85832']"
27-09-2023,93447,71106,"['67705', '00384']"
28-09-2023,11698,77996,"['44386', '48900']"
29-09-2023,07044,88675,"['45097', '40581']"
30-09-2023,19237,00802,"['69062', '73744']"
01-10-2023,07289,57908,"['18906', '69144']"
02-10-2023,80973,56435,"['74027', '76063']"
03-10-2023,34556,36657,"['57200', '24205']"
04-10-2023,53139,52986,"['41893', '88329']"
05-10-2023,88733,73302,"['24201', '85392']"
06-10-2023,73121,55217,"['58651', '16695']"
07-10-2023,26547,41670,"['43744', '83152']"
08-10-2023,75188,80266,"['52602', '61671']"
09-10-2023,91245,31903,"['84892', '01956']"
10-10-2023,84521,59398,"['06955', '97174']"
11-10-2023,49140,34659,"['55529', '10478']"
12-10-2023,50875,95632,"['39892', '34582']"
13-10-2023,40620,36972,"['97683', '99909']"
14-10-2023,59454,00486,"['02755', '43379']"
15-10-2023,15013,43153,"['40745', '63082']"
16-10-2023,94540,26829,"['84819', '86465']"
17-10-2023,70876,93617,"['26995', '44394']"
18-10-2023,28600,18127,"['34909', '28078']"
19-10-2023,45305,95559,"['38899', '87603']"
20-10-2023,42888,28038,"['66168', '37238']"
21-10-2023,57349,28088,"['05865', '83567']"
22-10-2023,91918,71417,"['88769', '04327']"
23-10-2023,45844,81410,"['39827', '16925']"
24-10-2023,91388,78862,"['77232', '16765']"
25-10-2023,61380,92842,"['86347', '06283']"
26-10-2023,26788,71079,"['79633', '89149']"
27-10-2023,74036,90111,"['31208', '23123']"
28-10-2023,07157,12258,"['78073', '22472']"
29-10-2023,38050,04168,"['83796', '74143']"
30-10-2023,34684,07449,"['68543', '68556']"
31-10-2023,39267,84582,"['62863', '95065']"
01-11-2023,20136,25965,"['01743', '60565']"
02-11-2023,93127,54327,"['25283', '02829']"
03-11-2023,65761,49344,"['82925', '55230']"
04-11-2023,55858,39587,"['14699', '14801']"
05-11-2023,13484,62472,"['97647', '30290']"
06-11-2023,91484,12495,"['39738', '55566']"
07-11-2023,10949,97813,"['40248', '97258']"
08-11-2023,98526,98288,"['98391', '09260']"
09-11-2023,34562,39661,"['67957', '16661']"
10-11-2023,94670,63617,"['06517', '67183']"
11-11-2023,08391,10466,"['98837', '12660']"
12-11-2023,98375,76516,"['96169', '75327']"
13-11-2023,19412,85667,"['26906', '22710']"
14-11-2023,85800,00197,"['42692', '64848']"
15-11-2023,33859,98585,"['15030', '42515']"
16-11-2023,54869,34677,"['80583', '17410']"
17-11-2023,95110,91230,"['25848', '37352']"
18-11-2023,98371,77855,"['10658', '79326']"
19-11-2023,38429,02633,"['37498', '40297']"
20-11-2023,49071,99401,"['21782', '88421']"
21-11-2023,17948,51570,"['91263', '22132']"
22-11-2023,14670,55598,"['48326', '78511']"
23-11-2023,57999,27345,"['57014', '50063']"
24-11-2023,20952,00044,"['09136', '65520']"
25-11-2023,08816,27324,"['11953', '24697']"
26-11-2023,11873,79812,"['47282', '88599']"
27-11-2023,84757,74703,"['11900', '12554']"
28-11-2023,11913,00010,"['45748', '26907']"
29-11-2023,03141,42683,"['33410', '77553']"
30-11-2023,07426,98379,"['36655', '42158']"
01-12-2023,12301,78982,"['02630', '94374']"
02-12-2023,87485,17336,"['51133', '12554']"
03-12-2023,01716,77561,"['47720', '88355']"
04-12-2023,87694,91575,"['75033', '08536']"
05-12-2023,47521,07540,"['75731', '73475']"
06-12-2023,93178,49592,"['64119', '45960']"
07-12-2023,35627,13260,"['96217', '17317']"
08-12-2023,38223,77286,"['90185', '84473']"
09-12-2023,57057,21341,"['46196', '43234']"
10-12-2023,87360,29463,"['59670', '85173']"
11-12-2023,38038,02475,"['03846', '53934']"
12-12-2023,62970,39467,"['40628', '04048']"
13-12-2023,91706,82736,"['43914', '21410']"
14-12-2023,06245,38517,"['40644', '70647']"
15-12-2023,36904,34735,"['42033', '38294']"
16-12-2023,74825,27434,"['06579', '72188']"
17-12-2023,03257,14988,"['21865', '30155']"
18-12-2023,56732,82355,"['29094', '60755']"
19-12-2023,14577,66388,"['72506', '57508']"
20-12-2023,64978,46676,"['26187', '87330']"
21-12-2023,88485,81423,"['48393', '07890']"
22-12-2023,76711,52564,"['49212', '38823']"
23-12-2023,51416,85332,"['13364', '46775']"
24-12-2023,01243,37916,"['59482', '35038']"
25-12-2023,08225,66151,"['34859', '56161']"
26-12-2023,94636,47326,"['96142', '87117']"
27-12-2023,74817,34291,"['04124', '07840']"
28-12-2023,15131,17201,"['23972', '59182']"
29-12-2023,36120,01808,"['24143', '89224']"
30-12-2023,59380,24170,"['49908', '46745']"
31-12-2023,73758,80689,"['75152', '42067']"
01-01-2024,42932,66272,"['27370', '68541']"
02-01-2024,10956,44230,"['11435', '21121']"
03-01-2024,62495,61083,"['88825', '25631']"
04-01-2024,10240,34474,"['50418', '44965']"
05-01-2024,38267,08715,"['71363', '28859']"
06-01-2024,72794,84069,"['21604', '16014']"
07-01-2024,69618,77903,"['10601', '27302']"
08-01-2024,91089,52095,"['24298', '86032']"
09-01-2024,48877,34321,"['62959', '65902']"
10-01-2024,73732,50059,"['19807', '73809']"
11-01-2024,28285,45785,"['14065', '97397']"
12-01-2024,13113,39786,"['66200', '15781']"
13-01-2024,68586,68404,"['00715', '37358']"
14-01-2024,91138,42203,"['16727', '62518']"
15-01-2024,63261,52395,"['54221', '54937']"
16-01-2024,95539,74503,"['37428', '62493']"
17-01-2024,76553,07527,"['25937', '28719']"
18-01-2024,54998,54578,"['92914', '81659']"
19-01-2024,14609,36645,"['12735', '35132']"
20-01-2024,70964,63165,"['28516', '01426']"
21-01-2024,45819,88820,"['92317', '88686']"
22-01-2024,36910,79118,"['28263', '37729']"
23-01-2024,87441,45966,"['06221', '88252']"
24-01-2024,61661,38229,"['62307', '85674']"
25-01-2024,77375,14114,"['99404', '53941']"
26-01-2024,20347,29197,"['19218', '63399']"
27-01-2024,61579,32521,"['73337', '11395']"
28-01-2024,68274,93911,"['25484', '47616']"
29-01-2024,75346,98171,"['23541', '90743']"
30-01-2024,08524,80556,"['02056', '55365']"
31-01-2024,47666,58427,"['64931', '25644']"
01-02-2024,87444,41182,"['94959', '51442']"
